RecordNum,process.b1.capacity,process.b2.capacity,process.b3.capacity,process.b4.capacity,property.price,property.product,property.winner,verification.result,verification.time
1,0,0,2,1,59,1,0,FALSE,163.3166667
2,0,0,2,1,59,2,0,FALSE,200.86
3,0,0,2,1,59,4,0,FALSE,154.8888889
4,0,0,2,1,59,6,0,FALSE,108.64
5,0,0,2,1,60,1,0,TRUE,85.46666667
6,0,0,2,1,60,1,3,TRUE,82
7,0,0,2,1,60,1,4,FALSE,154.25
8,0,0,2,1,60,2,0,TRUE,80.95
9,0,0,2,1,60,2,3,TRUE,78
10,0,0,2,1,60,2,4,FALSE,197.01
11,0,0,2,1,60,4,0,TRUE,80.25
12,0,0,2,1,60,4,3,TRUE,77.91666667
13,0,0,2,1,60,4,4,FALSE,144.6944444
14,0,0,2,1,60,6,0,TRUE,88.12
15,0,0,2,1,60,6,3,TRUE,78.84
16,0,0,2,1,60,6,4,TRUE,78.15
17,0,0,2,1,69,3,0,FALSE,112.05
18,0,0,2,1,69,5,0,FALSE,322.0555556
19,0,0,2,1,70,3,0,TRUE,87.1
20,0,0,2,1,70,3,3,TRUE,97.11
21,0,0,2,1,70,3,4,TRUE,80.86
22,0,0,2,1,70,5,0,TRUE,194.4388889
23,0,0,2,1,70,5,3,FALSE,378.8222222
24,0,0,2,1,70,5,4,TRUE,207.7722222
25,0,1,1,1,59,1,0,FALSE,646.675
26,0,1,1,1,59,4,0,FALSE,564.6346154
27,0,1,1,1,59,6,0,FALSE,248.2166667
28,0,1,1,1,60,1,0,FALSE,578.625
29,0,1,1,1,60,4,0,FALSE,523.9615385
30,0,1,1,1,60,6,0,TRUE,90
31,0,1,1,1,60,6,2,TRUE,94.58333333
32,0,1,1,1,60,6,3,FALSE,243.5166667
33,0,1,1,1,60,6,4,FALSE,225.05
34,0,1,1,1,61,1,0,FALSE,608.2
35,0,1,1,1,61,4,0,FALSE,546.3461538
36,0,1,1,1,62,1,0,FALSE,596.475
37,0,1,1,1,62,4,0,FALSE,554.1153846
38,0,1,1,1,63,1,0,FALSE,603.65
39,0,1,1,1,63,4,0,FALSE,553.7692308
40,0,1,1,1,64,1,0,FALSE,532.8
41,0,1,1,1,64,4,0,FALSE,483.4615385
42,0,1,1,1,65,1,0,FALSE,567.975
43,0,1,1,1,65,4,0,FALSE,505.9615385
44,0,1,1,1,66,1,0,FALSE,564.3
45,0,1,1,1,66,4,0,FALSE,496.1730769
46,0,1,1,1,67,1,0,FALSE,588.9
47,0,1,1,1,67,4,0,FALSE,522.6346154
48,0,1,1,1,68,1,0,FALSE,537.075
49,0,1,1,1,68,4,0,FALSE,481.6538462
50,0,1,1,1,69,1,0,FALSE,544.05
51,0,1,1,1,69,3,0,FALSE,178.4
52,0,1,1,1,69,4,0,FALSE,512.3461538
53,0,1,1,1,69,5,0,FALSE,751.1875
54,0,1,1,1,70,1,0,TRUE,518.2
55,0,1,1,1,70,1,2,TRUE,547.725
56,0,1,1,1,70,1,3,FALSE,602.125
57,0,1,1,1,70,1,4,FALSE,588.2
58,0,1,1,1,70,3,0,TRUE,153.5166667
59,0,1,1,1,70,3,2,TRUE,151.1333333
60,0,1,1,1,70,3,3,FALSE,165.4166667
61,0,1,1,1,70,3,4,FALSE,176.7166667
62,0,1,1,1,70,4,0,TRUE,418.0576923
63,0,1,1,1,70,4,2,TRUE,451.1538462
64,0,1,1,1,70,4,3,FALSE,529.0769231
65,0,1,1,1,70,4,4,FALSE,518.3653846
66,0,1,1,1,70,5,0,FALSE,739.475
67,0,1,1,1,71,5,0,FALSE,751.9875
68,0,1,1,1,72,5,0,FALSE,740.4125
69,0,1,1,1,73,5,0,FALSE,719.45
70,0,1,1,1,74,5,0,FALSE,745.5375
71,0,1,1,1,75,5,0,FALSE,734.5625
72,0,1,1,1,76,5,0,FALSE,752.3
73,0,1,1,1,77,5,0,FALSE,725.55
74,0,1,1,1,78,5,0,FALSE,742.825
75,0,1,1,1,79,5,0,FALSE,723.8125
76,0,1,1,1,80,5,0,TRUE,101.7375
77,0,1,1,1,80,5,2,FALSE,770.2375
78,0,1,1,1,80,5,3,FALSE,770.75
79,0,1,1,1,80,5,4,TRUE,106.3375
80,0,1,2,0,59,1,0,FALSE,513.2333333
81,0,1,2,0,59,2,0,FALSE,1527.53
82,0,1,2,0,59,4,0,FALSE,476.3222222
83,0,1,2,0,59,6,0,FALSE,145.4
84,0,1,2,0,60,1,0,FALSE,443.0166667
85,0,1,2,0,60,2,0,FALSE,1137.465
86,0,1,2,0,60,4,0,FALSE,419.8555556
87,0,1,2,0,60,6,0,TRUE,91.805
88,0,1,2,0,60,6,2,TRUE,85.25
89,0,1,2,0,60,6,3,FALSE,134.325
90,0,1,2,0,61,1,0,FALSE,462.0583333
91,0,1,2,0,61,2,0,FALSE,1293.665
92,0,1,2,0,61,4,0,FALSE,441.8388889
93,0,1,2,0,62,1,0,FALSE,463.7083333
94,0,1,2,0,62,2,0,FALSE,1245.215
95,0,1,2,0,62,4,0,FALSE,434.75
96,0,1,2,0,63,1,0,FALSE,463.075
97,0,1,2,0,63,2,0,FALSE,1290.88
98,0,1,2,0,63,4,0,FALSE,455.2666667
99,0,1,2,0,64,1,0,FALSE,389.3
100,0,1,2,0,64,2,0,FALSE,991.07
101,0,1,2,0,64,4,0,FALSE,362.8111111
102,0,1,2,0,65,1,0,FALSE,411.825
103,0,1,2,0,65,2,0,FALSE,1106.455
104,0,1,2,0,65,4,0,FALSE,384.3388889
105,0,1,2,0,66,1,0,FALSE,398.4833333
106,0,1,2,0,66,2,0,FALSE,1098.255
107,0,1,2,0,66,4,0,FALSE,377.3944444
108,0,1,2,0,67,1,0,FALSE,428.8333333
109,0,1,2,0,67,2,0,FALSE,1236.05
110,0,1,2,0,67,4,0,FALSE,417.1388889
111,0,1,2,0,68,1,0,FALSE,395.4583333
112,0,1,2,0,68,2,0,FALSE,917.335
113,0,1,2,0,68,4,0,FALSE,363.2555556
114,0,1,2,0,69,1,0,FALSE,412.6666667
115,0,1,2,0,69,2,0,FALSE,1020.25
116,0,1,2,0,69,3,0,FALSE,109.71
117,0,1,2,0,69,4,0,FALSE,399.2777778
118,0,1,2,0,70,1,0,TRUE,383.1916667
119,0,1,2,0,70,1,2,TRUE,412.525
120,0,1,2,0,70,1,3,FALSE,455.6166667
121,0,1,2,0,70,2,0,FALSE,1013.485
122,0,1,2,0,70,3,0,TRUE,101.765
123,0,1,2,0,70,3,2,TRUE,94.635
124,0,1,2,0,70,3,3,FALSE,99.945
125,0,1,2,0,70,4,0,TRUE,348.1555556
126,0,1,2,0,70,4,2,TRUE,375.7333333
127,0,1,2,0,70,4,3,FALSE,429.9388889
128,0,1,2,0,71,2,0,FALSE,1123.56
129,0,1,2,0,72,2,0,FALSE,1087.23
130,0,1,2,0,73,2,0,FALSE,1260.775
131,0,1,2,0,74,2,0,FALSE,1203.43
132,0,1,2,0,75,2,0,FALSE,1345.56
133,0,1,2,0,76,2,0,FALSE,979.395
134,0,1,2,0,77,2,0,FALSE,1127.495
135,0,1,2,0,78,2,0,FALSE,1113.075
136,0,1,2,0,79,2,0,FALSE,1276.795
137,0,1,2,0,80,2,0,TRUE,119.28
138,0,1,2,0,80,2,2,TRUE,312.645
139,0,1,2,0,80,2,3,TRUE,120.82
140,0,1,2,1,59,1,0,FALSE,665.2261905
141,0,1,2,1,59,2,0,FALSE,1716.807143
142,0,1,2,1,59,4,0,FALSE,585.787037
143,0,1,2,1,59,6,0,FALSE,256.5428571
144,0,1,2,1,60,1,0,FALSE,616.9166667
145,0,1,2,1,60,2,0,FALSE,1300.964286
146,0,1,2,1,60,4,0,FALSE,552.8611111
147,0,1,2,1,60,6,0,TRUE,92.24285714
148,0,1,2,1,60,6,2,TRUE,94.55714286
149,0,1,2,1,60,6,3,FALSE,249.0785714
150,0,1,2,1,60,6,4,FALSE,228.8428571
151,0,1,2,1,61,1,0,FALSE,640.5119048
152,0,1,2,1,61,2,0,FALSE,1411.164286
153,0,1,2,1,61,4,0,FALSE,565.7037037
154,0,1,2,1,62,1,0,FALSE,628.7261905
155,0,1,2,1,62,2,0,FALSE,1390.742857
156,0,1,2,1,62,4,0,FALSE,572.4351852
157,0,1,2,1,63,1,0,FALSE,628.702381
158,0,1,2,1,63,2,0,FALSE,1417.628571
159,0,1,2,1,63,4,0,FALSE,571.8055556
160,0,1,2,1,64,1,0,FALSE,560.1428571
161,0,1,2,1,64,2,0,FALSE,1187.635714
162,0,1,2,1,64,4,0,FALSE,497.4074074
163,0,1,2,1,65,1,0,FALSE,586.3333333
164,0,1,2,1,65,2,0,FALSE,1317.15
165,0,1,2,1,65,4,0,FALSE,519.2037037
166,0,1,2,1,66,1,0,FALSE,576.3928571
167,0,1,2,1,66,2,0,FALSE,1299.528571
168,0,1,2,1,66,4,0,FALSE,516.6759259
169,0,1,2,1,67,1,0,FALSE,598.5357143
170,0,1,2,1,67,2,0,FALSE,1455.378571
171,0,1,2,1,67,4,0,FALSE,542.0740741
172,0,1,2,1,68,1,0,FALSE,557.4285714
173,0,1,2,1,68,2,0,FALSE,1113.721429
174,0,1,2,1,68,4,0,FALSE,492.25
175,0,1,2,1,69,1,0,FALSE,573.9642857
176,0,1,2,1,69,2,0,FALSE,1208.778571
177,0,1,2,1,69,3,0,FALSE,184.7214286
178,0,1,2,1,69,4,0,FALSE,522.9907407
179,0,1,2,1,69,5,0,FALSE,763.0944444
180,0,1,2,1,70,1,0,TRUE,528.5357143
181,0,1,2,1,70,1,2,TRUE,577.5595238
182,0,1,2,1,70,1,3,FALSE,630.3571429
183,0,1,2,1,70,1,4,FALSE,607.7857143
184,0,1,2,1,70,2,0,FALSE,1209.721429
185,0,1,2,1,70,3,0,TRUE,159.65
186,0,1,2,1,70,3,2,TRUE,154.2
187,0,1,2,1,70,3,3,FALSE,178.55
188,0,1,2,1,70,3,4,FALSE,184.5785714
189,0,1,2,1,70,4,0,TRUE,435.4907407
190,0,1,2,1,70,4,2,TRUE,468.8703704
191,0,1,2,1,70,4,3,FALSE,561.6851852
192,0,1,2,1,70,4,4,FALSE,543.6574074
193,0,1,2,1,70,5,0,FALSE,758.1166667
194,0,1,2,1,71,2,0,FALSE,1341.264286
195,0,1,2,1,71,5,0,FALSE,762.5222222
196,0,1,2,1,72,2,0,FALSE,1276.278571
197,0,1,2,1,72,5,0,FALSE,744.5611111
198,0,1,2,1,73,2,0,FALSE,1459.335714
199,0,1,2,1,73,5,0,FALSE,727.5666667
200,0,1,2,1,74,2,0,FALSE,1393.121429
201,0,1,2,1,74,5,0,FALSE,748.5722222
202,0,1,2,1,75,2,0,FALSE,1550.778571
203,0,1,2,1,75,5,0,FALSE,735.5444444
204,0,1,2,1,76,2,0,FALSE,1171.971429
205,0,1,2,1,76,5,0,FALSE,740.7777778
206,0,1,2,1,77,2,0,FALSE,1309.614286
207,0,1,2,1,77,5,0,FALSE,734.8444444
208,0,1,2,1,78,2,0,FALSE,1316.185714
209,0,1,2,1,78,5,0,FALSE,736.1833333
210,0,1,2,1,79,2,0,FALSE,1480.921429
211,0,1,2,1,79,5,0,FALSE,742.3444444
212,0,1,2,1,80,2,0,TRUE,126.5071429
213,0,1,2,1,80,2,2,TRUE,369.9785714
214,0,1,2,1,80,2,3,TRUE,130.6642857
215,0,1,2,1,80,2,4,FALSE,1386.157143
216,0,1,2,1,80,5,0,TRUE,102.6166667
217,0,1,2,1,80,5,2,FALSE,783.3722222
218,0,1,2,1,80,5,3,FALSE,782.6888889
219,0,1,2,1,80,5,4,TRUE,105.6
220,0,2,1,0,59,1,0,FALSE,522.525
221,0,2,1,0,59,4,0,FALSE,466.4625
222,0,2,1,0,59,6,0,FALSE,144.525
223,0,2,1,0,60,1,0,FALSE,447.9
224,0,2,1,0,60,4,0,FALSE,412.4125
225,0,2,1,0,60,6,0,TRUE,93.575
226,0,2,1,0,60,6,2,TRUE,87.55
227,0,2,1,0,60,6,3,FALSE,132.325
228,0,2,1,0,61,1,0,FALSE,468.8
229,0,2,1,0,61,4,0,FALSE,429.3125
230,0,2,1,0,62,1,0,FALSE,476.3
231,0,2,1,0,62,4,0,FALSE,431.5625
232,0,2,1,0,63,1,0,FALSE,471.675
233,0,2,1,0,63,4,0,FALSE,447.0125
234,0,2,1,0,64,1,0,FALSE,394.275
235,0,2,1,0,64,4,0,FALSE,351.3625
236,0,2,1,0,65,1,0,FALSE,410.15
237,0,2,1,0,65,4,0,FALSE,379.2375
238,0,2,1,0,66,1,0,FALSE,399.35
239,0,2,1,0,66,4,0,FALSE,375.925
240,0,2,1,0,67,1,0,FALSE,434.025
241,0,2,1,0,67,4,0,FALSE,406.8
242,0,2,1,0,68,1,0,FALSE,391.625
243,0,2,1,0,68,4,0,FALSE,357.725
244,0,2,1,0,69,1,0,FALSE,411.95
245,0,2,1,0,69,3,0,FALSE,105.425
246,0,2,1,0,69,4,0,FALSE,395.3875
247,0,2,1,0,70,1,0,TRUE,377.325
248,0,2,1,0,70,1,2,TRUE,418.6
249,0,2,1,0,70,1,3,FALSE,446.125
250,0,2,1,0,70,3,0,TRUE,98.975
251,0,2,1,0,70,3,2,TRUE,94.275
252,0,2,1,0,70,3,3,FALSE,100.6
253,0,2,1,0,70,4,0,TRUE,345
254,0,2,1,0,70,4,2,TRUE,367
255,0,2,1,0,70,4,3,FALSE,420.625
256,0,2,1,1,59,1,0,FALSE,654.78125
257,0,2,1,1,59,4,0,FALSE,570.2708333
258,0,2,1,1,59,6,0,FALSE,257.1666667
259,0,2,1,1,60,1,0,FALSE,607.625
260,0,2,1,1,60,4,0,FALSE,544.7708333
261,0,2,1,1,60,6,0,TRUE,92.75
262,0,2,1,1,60,6,2,TRUE,95.97222222
263,0,2,1,1,60,6,3,FALSE,245.3611111
264,0,2,1,1,60,6,4,FALSE,230.75
265,0,2,1,1,61,1,0,FALSE,623
266,0,2,1,1,61,4,0,FALSE,550.0208333
267,0,2,1,1,62,1,0,FALSE,620.375
268,0,2,1,1,62,4,0,FALSE,551.4375
269,0,2,1,1,63,1,0,FALSE,624.25
270,0,2,1,1,63,4,0,FALSE,550.0625
271,0,2,1,1,64,1,0,FALSE,559.21875
272,0,2,1,1,64,4,0,FALSE,488.8958333
273,0,2,1,1,65,1,0,FALSE,578.25
274,0,2,1,1,65,4,0,FALSE,489.4375
275,0,2,1,1,66,1,0,FALSE,568.4375
276,0,2,1,1,66,4,0,FALSE,486.6458333
277,0,2,1,1,67,1,0,FALSE,608.3125
278,0,2,1,1,67,4,0,FALSE,526.5833333
279,0,2,1,1,68,1,0,FALSE,560.65625
280,0,2,1,1,68,4,0,FALSE,485.8333333
281,0,2,1,1,69,1,0,FALSE,581.90625
282,0,2,1,1,69,3,0,FALSE,177.75
283,0,2,1,1,69,4,0,FALSE,512.5208333
284,0,2,1,1,69,5,0,FALSE,745.525
285,0,2,1,1,70,1,0,TRUE,523.40625
286,0,2,1,1,70,1,2,TRUE,574.21875
287,0,2,1,1,70,1,3,FALSE,609.34375
288,0,2,1,1,70,1,4,FALSE,597.875
289,0,2,1,1,70,3,0,TRUE,156.9444444
290,0,2,1,1,70,3,2,TRUE,148.9722222
291,0,2,1,1,70,3,3,FALSE,172.1666667
292,0,2,1,1,70,3,4,FALSE,180.7222222
293,0,2,1,1,70,4,0,TRUE,429.125
294,0,2,1,1,70,4,2,TRUE,457.3958333
295,0,2,1,1,70,4,3,FALSE,563.0625
296,0,2,1,1,70,4,4,FALSE,541.4583333
297,0,2,1,1,70,5,0,FALSE,756.35
298,0,2,1,1,71,5,0,FALSE,750.65
299,0,2,1,1,72,5,0,FALSE,739.6
300,0,2,1,1,73,5,0,FALSE,727.05
301,0,2,1,1,74,5,0,FALSE,758.275
302,0,2,1,1,75,5,0,FALSE,724.4
303,0,2,1,1,76,5,0,FALSE,736.95
304,0,2,1,1,77,5,0,FALSE,741.675
305,0,2,1,1,78,5,0,FALSE,781.25
306,0,2,1,1,79,5,0,FALSE,736.225
307,0,2,1,1,80,5,0,TRUE,103.975
308,0,2,1,1,80,5,2,FALSE,779.025
309,0,2,1,1,80,5,3,FALSE,771.8
310,0,2,1,1,80,5,4,TRUE,104.5
311,0,2,2,0,59,1,0,FALSE,511.4791667
312,0,2,2,0,59,2,0,FALSE,1525.910714
313,0,2,2,0,59,4,0,FALSE,478.0416667
314,0,2,2,0,59,6,0,FALSE,144.3035714
315,0,2,2,0,60,1,0,FALSE,442.25
316,0,2,2,0,60,2,0,FALSE,1135.276786
317,0,2,2,0,60,4,0,FALSE,413.9375
318,0,2,2,0,60,6,0,TRUE,90.44642857
319,0,2,2,0,60,6,2,TRUE,85.58035714
320,0,2,2,0,60,6,3,FALSE,134.7857143
321,0,2,2,0,61,1,0,FALSE,459.8229167
322,0,2,2,0,61,2,0,FALSE,1283.669643
323,0,2,2,0,61,4,0,FALSE,438.3194444
324,0,2,2,0,62,1,0,FALSE,456.28125
325,0,2,2,0,62,2,0,FALSE,1246.285714
326,0,2,2,0,62,4,0,FALSE,437.1875
327,0,2,2,0,63,1,0,FALSE,462.78125
328,0,2,2,0,63,2,0,FALSE,1302.473214
329,0,2,2,0,63,4,0,FALSE,454.0694444
330,0,2,2,0,64,1,0,FALSE,387.1354167
331,0,2,2,0,64,2,0,FALSE,1001.142857
332,0,2,2,0,64,4,0,FALSE,358.8611111
333,0,2,2,0,65,1,0,FALSE,412.0729167
334,0,2,2,0,65,2,0,FALSE,1101.660714
335,0,2,2,0,65,4,0,FALSE,384.4027778
336,0,2,2,0,66,1,0,FALSE,389.625
337,0,2,2,0,66,2,0,FALSE,1109.482143
338,0,2,2,0,66,4,0,FALSE,384.2777778
339,0,2,2,0,67,1,0,FALSE,420.5208333
340,0,2,2,0,67,2,0,FALSE,1233.276786
341,0,2,2,0,67,4,0,FALSE,420.5625
342,0,2,2,0,68,1,0,FALSE,383.6770833
343,0,2,2,0,68,2,0,FALSE,910.6964286
344,0,2,2,0,68,4,0,FALSE,364.5694444
345,0,2,2,0,69,1,0,FALSE,408.9375
346,0,2,2,0,69,2,0,FALSE,1011.964286
347,0,2,2,0,69,3,0,FALSE,111.1160714
348,0,2,2,0,69,4,0,FALSE,394.0763889
349,0,2,2,0,70,1,0,TRUE,376.8229167
350,0,2,2,0,70,1,2,TRUE,417.8229167
351,0,2,2,0,70,1,3,FALSE,448.3645833
352,0,2,2,0,70,2,0,FALSE,1018.714286
353,0,2,2,0,70,3,0,TRUE,103.4732143
354,0,2,2,0,70,3,2,TRUE,96.51785714
355,0,2,2,0,70,3,3,FALSE,103.8482143
356,0,2,2,0,70,4,0,TRUE,344.6458333
357,0,2,2,0,70,4,2,TRUE,369.9166667
358,0,2,2,0,70,4,3,FALSE,431.4027778
359,0,2,2,0,71,2,0,FALSE,1120.410714
360,0,2,2,0,72,2,0,FALSE,1082.267857
361,0,2,2,0,73,2,0,FALSE,1238.526786
362,0,2,2,0,74,2,0,FALSE,1198.071429
363,0,2,2,0,75,2,0,FALSE,1337.205357
364,0,2,2,0,76,2,0,FALSE,981.2410714
365,0,2,2,0,77,2,0,FALSE,1129.607143
366,0,2,2,0,78,2,0,FALSE,1101.482143
367,0,2,2,0,79,2,0,FALSE,1285.410714
368,0,2,2,0,80,2,0,TRUE,116.8214286
369,0,2,2,0,80,2,2,TRUE,311.9732143
370,0,2,2,0,80,2,3,TRUE,123.6071429
371,0,2,2,1,59,1,0,FALSE,678.7037037
372,0,2,2,1,59,2,0,FALSE,1706.037879
373,0,2,2,1,59,4,0,FALSE,583.0763889
374,0,2,2,1,59,6,0,FALSE,254.7651515
375,0,2,2,1,60,1,0,FALSE,620.5
376,0,2,2,1,60,2,0,FALSE,1310.681818
377,0,2,2,1,60,4,0,FALSE,555.9097222
378,0,2,2,1,60,6,0,TRUE,91.25757576
379,0,2,2,1,60,6,2,TRUE,93.21212121
380,0,2,2,1,60,6,3,FALSE,245.25
381,0,2,2,1,60,6,4,FALSE,227.280303
382,0,2,2,1,61,1,0,FALSE,641.8703704
383,0,2,2,1,61,2,0,FALSE,1420.045455
384,0,2,2,1,61,4,0,FALSE,570.3402778
385,0,2,2,1,62,1,0,FALSE,638.212963
386,0,2,2,1,62,2,0,FALSE,1396.848485
387,0,2,2,1,62,4,0,FALSE,574.0902778
388,0,2,2,1,63,1,0,FALSE,644.0092593
389,0,2,2,1,63,2,0,FALSE,1436.795455
390,0,2,2,1,63,4,0,FALSE,584.3055556
391,0,2,2,1,64,1,0,FALSE,569.8611111
392,0,2,2,1,64,2,0,FALSE,1201.818182
393,0,2,2,1,64,4,0,FALSE,499.5555556
394,0,2,2,1,65,1,0,FALSE,596.6203704
395,0,2,2,1,65,2,0,FALSE,1301.30303
396,0,2,2,1,65,4,0,FALSE,524.8055556
397,0,2,2,1,66,1,0,FALSE,581.6111111
398,0,2,2,1,66,2,0,FALSE,1301.05303
399,0,2,2,1,66,4,0,FALSE,506.9722222
400,0,2,2,1,67,1,0,FALSE,619.6574074
401,0,2,2,1,67,2,0,FALSE,1454.280303
402,0,2,2,1,67,4,0,FALSE,544.1041667
403,0,2,2,1,68,1,0,FALSE,574.7037037
404,0,2,2,1,68,2,0,FALSE,1110.780303
405,0,2,2,1,68,4,0,FALSE,504.1458333
406,0,2,2,1,69,1,0,FALSE,590.5740741
407,0,2,2,1,69,2,0,FALSE,1224.416667
408,0,2,2,1,69,3,0,FALSE,186.2045455
409,0,2,2,1,69,4,0,FALSE,531.3402778
410,0,2,2,1,69,5,0,FALSE,756.5833333
411,0,2,2,1,70,1,0,TRUE,548.712963
412,0,2,2,1,70,1,2,TRUE,596.287037
413,0,2,2,1,70,1,3,FALSE,636.1111111
414,0,2,2,1,70,1,4,FALSE,629.2037037
415,0,2,2,1,70,2,0,FALSE,1214.325758
416,0,2,2,1,70,3,0,TRUE,160.1742424
417,0,2,2,1,70,3,2,TRUE,154.4166667
418,0,2,2,1,70,3,3,FALSE,176.5454545
419,0,2,2,1,70,3,4,FALSE,186.8560606
420,0,2,2,1,70,4,0,TRUE,443.4861111
421,0,2,2,1,70,4,2,TRUE,478.5208333
422,0,2,2,1,70,4,3,FALSE,567.4652778
423,0,2,2,1,70,4,4,FALSE,552.0347222
424,0,2,2,1,70,5,0,FALSE,762.6388889
425,0,2,2,1,71,2,0,FALSE,1325.931818
426,0,2,2,1,71,5,0,FALSE,760.2013889
427,0,2,2,1,72,2,0,FALSE,1279.174242
428,0,2,2,1,72,5,0,FALSE,746.9652778
429,0,2,2,1,73,2,0,FALSE,1451.659091
430,0,2,2,1,73,5,0,FALSE,729.5902778
431,0,2,2,1,74,2,0,FALSE,1407.871212
432,0,2,2,1,74,5,0,FALSE,758.2847222
433,0,2,2,1,75,2,0,FALSE,1557.204545
434,0,2,2,1,75,5,0,FALSE,751.1527778
435,0,2,2,1,76,2,0,FALSE,1185.151515
436,0,2,2,1,76,5,0,FALSE,748.1736111
437,0,2,2,1,77,2,0,FALSE,1322.492424
438,0,2,2,1,77,5,0,FALSE,755.9791667
439,0,2,2,1,78,2,0,FALSE,1335.545455
440,0,2,2,1,78,5,0,FALSE,752.4722222
441,0,2,2,1,79,2,0,FALSE,1494.636364
442,0,2,2,1,79,5,0,FALSE,742.2361111
443,0,2,2,1,80,2,0,TRUE,129.5
444,0,2,2,1,80,2,2,TRUE,379.8939394
445,0,2,2,1,80,2,3,TRUE,133.0530303
446,0,2,2,1,80,2,4,FALSE,1396.310606
447,0,2,2,1,80,5,0,TRUE,103.1597222
448,0,2,2,1,80,5,2,FALSE,786.0694444
449,0,2,2,1,80,5,3,FALSE,793.3263889
450,0,2,2,1,80,5,4,TRUE,104.9444444
451,0,3,1,0,59,1,0,FALSE,537.875
452,0,3,1,0,59,4,0,FALSE,472.2083333
453,0,3,1,0,59,6,0,FALSE,137.875
454,0,3,1,0,60,1,0,FALSE,478.125
455,0,3,1,0,60,4,0,FALSE,417.375
456,0,3,1,0,60,6,0,TRUE,93.25
457,0,3,1,0,60,6,2,TRUE,92.5
458,0,3,1,0,60,6,3,FALSE,139.125
459,0,3,1,0,61,1,0,FALSE,456.875
460,0,3,1,0,61,4,0,FALSE,441.2916667
461,0,3,1,0,62,1,0,FALSE,473.375
462,0,3,1,0,62,4,0,FALSE,432.25
463,0,3,1,0,63,1,0,FALSE,461.5
464,0,3,1,0,63,4,0,FALSE,457.2916667
465,0,3,1,0,64,1,0,FALSE,387
466,0,3,1,0,64,4,0,FALSE,353.2916667
467,0,3,1,0,65,1,0,FALSE,412.125
468,0,3,1,0,65,4,0,FALSE,378.125
469,0,3,1,0,66,1,0,FALSE,397
470,0,3,1,0,66,4,0,FALSE,374.6666667
471,0,3,1,0,67,1,0,FALSE,439.375
472,0,3,1,0,67,4,0,FALSE,415.4583333
473,0,3,1,0,68,1,0,FALSE,400
474,0,3,1,0,68,4,0,FALSE,366.875
475,0,3,1,0,69,1,0,FALSE,416.25
476,0,3,1,0,69,3,0,FALSE,113.875
477,0,3,1,0,69,4,0,FALSE,393.8333333
478,0,3,1,0,70,1,0,TRUE,374.625
479,0,3,1,0,70,1,2,TRUE,403
480,0,3,1,0,70,1,3,FALSE,457.5
481,0,3,1,0,70,3,0,TRUE,106.25
482,0,3,1,0,70,3,2,TRUE,94
483,0,3,1,0,70,3,3,FALSE,97
484,0,3,1,0,70,4,0,TRUE,333
485,0,3,1,0,70,4,2,TRUE,361.0416667
486,0,3,1,0,70,4,3,FALSE,421.125
487,0,3,1,1,59,1,0,FALSE,706.4166667
488,0,3,1,1,59,4,0,FALSE,595.9166667
489,0,3,1,1,59,6,0,FALSE,248.0833333
490,0,3,1,1,60,1,0,FALSE,626.0833333
491,0,3,1,1,60,4,0,FALSE,554.625
492,0,3,1,1,60,6,0,TRUE,92.58333333
493,0,3,1,1,60,6,2,TRUE,95.66666667
494,0,3,1,1,60,6,3,FALSE,256.8333333
495,0,3,1,1,60,6,4,FALSE,225.25
496,0,3,1,1,61,1,0,FALSE,672.75
497,0,3,1,1,61,4,0,FALSE,551.7083333
498,0,3,1,1,62,1,0,FALSE,621.8333333
499,0,3,1,1,62,4,0,FALSE,551.375
500,0,3,1,1,63,1,0,FALSE,643.4166667
501,0,3,1,1,63,4,0,FALSE,581.2916667
502,0,3,1,1,64,1,0,FALSE,574.6666667
503,0,3,1,1,64,4,0,FALSE,495.25
504,0,3,1,1,65,1,0,FALSE,591.0833333
505,0,3,1,1,65,4,0,FALSE,502.875
506,0,3,1,1,66,1,0,FALSE,580.5
507,0,3,1,1,66,4,0,FALSE,512.9583333
508,0,3,1,1,67,1,0,FALSE,635.3333333
509,0,3,1,1,67,4,0,FALSE,531.875
510,0,3,1,1,68,1,0,FALSE,576.8333333
511,0,3,1,1,68,4,0,FALSE,491.5833333
512,0,3,1,1,69,1,0,FALSE,580.8333333
513,0,3,1,1,69,3,0,FALSE,185.9166667
514,0,3,1,1,69,4,0,FALSE,511.0833333
515,0,3,1,1,69,5,0,FALSE,748.1666667
516,0,3,1,1,70,1,0,TRUE,537.0833333
517,0,3,1,1,70,1,2,TRUE,592.8333333
518,0,3,1,1,70,1,3,FALSE,644.9166667
519,0,3,1,1,70,1,4,FALSE,599.1666667
520,0,3,1,1,70,3,0,TRUE,156.8333333
521,0,3,1,1,70,3,2,TRUE,145.75
522,0,3,1,1,70,3,3,FALSE,178
523,0,3,1,1,70,3,4,FALSE,186.0833333
524,0,3,1,1,70,4,0,TRUE,431.3333333
525,0,3,1,1,70,4,2,TRUE,456.25
526,0,3,1,1,70,4,3,FALSE,533.5833333
527,0,3,1,1,70,4,4,FALSE,547.2916667
528,0,3,1,1,70,5,0,FALSE,757.9166667
529,0,3,1,1,71,5,0,FALSE,755.25
530,0,3,1,1,72,5,0,FALSE,730.8333333
531,0,3,1,1,73,5,0,FALSE,714.9166667
532,0,3,1,1,74,5,0,FALSE,741
533,0,3,1,1,75,5,0,FALSE,722.3333333
534,0,3,1,1,76,5,0,FALSE,704.4166667
535,0,3,1,1,77,5,0,FALSE,717.5
536,0,3,1,1,78,5,0,FALSE,741.8333333
537,0,3,1,1,79,5,0,FALSE,713.3333333
538,0,3,1,1,80,5,0,TRUE,102.4166667
539,0,3,1,1,80,5,2,FALSE,755.6666667
540,0,3,1,1,80,5,3,FALSE,777.3333333
541,0,3,1,1,80,5,4,TRUE,103.8333333
542,0,3,2,0,59,1,0,FALSE,521.6944444
543,0,3,2,0,59,2,0,FALSE,1517.083333
544,0,3,2,0,59,4,0,FALSE,474.6388889
545,0,3,2,0,59,6,0,FALSE,142.5
546,0,3,2,0,60,1,0,FALSE,441
547,0,3,2,0,60,2,0,FALSE,1159.638889
548,0,3,2,0,60,4,0,FALSE,411.6111111
549,0,3,2,0,60,6,0,TRUE,88.69444444
550,0,3,2,0,60,6,2,TRUE,83.94444444
551,0,3,2,0,60,6,3,FALSE,133.1944444
552,0,3,2,0,61,1,0,FALSE,459.6666667
553,0,3,2,0,61,2,0,FALSE,1291.166667
554,0,3,2,0,61,4,0,FALSE,442.2083333
555,0,3,2,0,62,1,0,FALSE,473.4166667
556,0,3,2,0,62,2,0,FALSE,1236.083333
557,0,3,2,0,62,4,0,FALSE,438.4861111
558,0,3,2,0,63,1,0,FALSE,475.3055556
559,0,3,2,0,63,2,0,FALSE,1318.361111
560,0,3,2,0,63,4,0,FALSE,459.7222222
561,0,3,2,0,64,1,0,FALSE,390.5277778
562,0,3,2,0,64,2,0,FALSE,1024.027778
563,0,3,2,0,64,4,0,FALSE,354.1666667
564,0,3,2,0,65,1,0,FALSE,413.1666667
565,0,3,2,0,65,2,0,FALSE,1109.277778
566,0,3,2,0,65,4,0,FALSE,389.3055556
567,0,3,2,0,66,1,0,FALSE,396.3055556
568,0,3,2,0,66,2,0,FALSE,1117.138889
569,0,3,2,0,66,4,0,FALSE,382.7361111
570,0,3,2,0,67,1,0,FALSE,422
571,0,3,2,0,67,2,0,FALSE,1228.472222
572,0,3,2,0,67,4,0,FALSE,420.0972222
573,0,3,2,0,68,1,0,FALSE,386.25
574,0,3,2,0,68,2,0,FALSE,901.3611111
575,0,3,2,0,68,4,0,FALSE,365.9722222
576,0,3,2,0,69,1,0,FALSE,419.3333333
577,0,3,2,0,69,2,0,FALSE,1015.277778
578,0,3,2,0,69,3,0,FALSE,107.0277778
579,0,3,2,0,69,4,0,FALSE,401.8333333
580,0,3,2,0,70,1,0,TRUE,376.4166667
581,0,3,2,0,70,1,2,TRUE,415.1388889
582,0,3,2,0,70,1,3,FALSE,442.75
583,0,3,2,0,70,2,0,FALSE,1009.916667
584,0,3,2,0,70,3,0,TRUE,99.41666667
585,0,3,2,0,70,3,2,TRUE,96.27777778
586,0,3,2,0,70,3,3,FALSE,99.80555556
587,0,3,2,0,70,4,0,TRUE,345.8611111
588,0,3,2,0,70,4,2,TRUE,371.875
589,0,3,2,0,70,4,3,FALSE,433.1388889
590,0,3,2,0,71,2,0,FALSE,1123.694444
591,0,3,2,0,72,2,0,FALSE,1067.611111
592,0,3,2,0,73,2,0,FALSE,1249.527778
593,0,3,2,0,74,2,0,FALSE,1189.444444
594,0,3,2,0,75,2,0,FALSE,1342.25
595,0,3,2,0,76,2,0,FALSE,1001.944444
596,0,3,2,0,77,2,0,FALSE,1128.833333
597,0,3,2,0,78,2,0,FALSE,1107.888889
598,0,3,2,0,79,2,0,FALSE,1272.694444
599,0,3,2,0,80,2,0,TRUE,119.8333333
600,0,3,2,0,80,2,2,TRUE,316.5833333
601,0,3,2,0,80,2,3,TRUE,127.8333333
602,0,3,2,1,59,1,0,FALSE,688.625
603,0,3,2,1,59,2,0,FALSE,1721.236111
604,0,3,2,1,59,4,0,FALSE,588.4916667
605,0,3,2,1,59,6,0,FALSE,259.5277778
606,0,3,2,1,60,1,0,FALSE,630.9166667
607,0,3,2,1,60,2,0,FALSE,1308.680556
608,0,3,2,1,60,4,0,FALSE,550.225
609,0,3,2,1,60,6,0,TRUE,90.66666667
610,0,3,2,1,60,6,2,TRUE,91.625
611,0,3,2,1,60,6,3,FALSE,241.7638889
612,0,3,2,1,60,6,4,FALSE,226.0833333
613,0,3,2,1,61,1,0,FALSE,645.9722222
614,0,3,2,1,61,2,0,FALSE,1430.569444
615,0,3,2,1,61,4,0,FALSE,566.8166667
616,0,3,2,1,62,1,0,FALSE,657.125
617,0,3,2,1,62,2,0,FALSE,1390.652778
618,0,3,2,1,62,4,0,FALSE,574.3916667
619,0,3,2,1,63,1,0,FALSE,667.4861111
620,0,3,2,1,63,2,0,FALSE,1448.625
621,0,3,2,1,63,4,0,FALSE,585.7666667
622,0,3,2,1,64,1,0,FALSE,575.9861111
623,0,3,2,1,64,2,0,FALSE,1195.416667
624,0,3,2,1,64,4,0,FALSE,494.675
625,0,3,2,1,65,1,0,FALSE,611.1388889
626,0,3,2,1,65,2,0,FALSE,1303.472222
627,0,3,2,1,65,4,0,FALSE,515.975
628,0,3,2,1,66,1,0,FALSE,608.9722222
629,0,3,2,1,66,2,0,FALSE,1314.319444
630,0,3,2,1,66,4,0,FALSE,510.9083333
631,0,3,2,1,67,1,0,FALSE,645.7222222
632,0,3,2,1,67,2,0,FALSE,1459.666667
633,0,3,2,1,67,4,0,FALSE,548.0166667
634,0,3,2,1,68,1,0,FALSE,590.8472222
635,0,3,2,1,68,2,0,FALSE,1112.236111
636,0,3,2,1,68,4,0,FALSE,503.9833333
637,0,3,2,1,69,1,0,FALSE,614.9861111
638,0,3,2,1,69,2,0,FALSE,1226.513889
639,0,3,2,1,69,3,0,FALSE,189.8888889
640,0,3,2,1,69,4,0,FALSE,530.225
641,0,3,2,1,69,5,0,FALSE,757.9166667
642,0,3,2,1,70,1,0,TRUE,554.0416667
643,0,3,2,1,70,1,2,TRUE,609.0972222
644,0,3,2,1,70,1,3,FALSE,642.6527778
645,0,3,2,1,70,1,4,FALSE,640.75
646,0,3,2,1,70,2,0,FALSE,1231.486111
647,0,3,2,1,70,3,0,TRUE,160.4027778
648,0,3,2,1,70,3,2,TRUE,152.6111111
649,0,3,2,1,70,3,3,FALSE,176.6805556
650,0,3,2,1,70,3,4,FALSE,190.0833333
651,0,3,2,1,70,4,0,TRUE,444.475
652,0,3,2,1,70,4,2,TRUE,474.9666667
653,0,3,2,1,70,4,3,FALSE,571.8333333
654,0,3,2,1,70,4,4,FALSE,557.3333333
655,0,3,2,1,70,5,0,FALSE,760.3611111
656,0,3,2,1,71,2,0,FALSE,1345.888889
657,0,3,2,1,71,5,0,FALSE,761.2361111
658,0,3,2,1,72,2,0,FALSE,1291.125
659,0,3,2,1,72,5,0,FALSE,757.0972222
660,0,3,2,1,73,2,0,FALSE,1480.027778
661,0,3,2,1,73,5,0,FALSE,729.4305556
662,0,3,2,1,74,2,0,FALSE,1425.486111
663,0,3,2,1,74,5,0,FALSE,747.4583333
664,0,3,2,1,75,2,0,FALSE,1560.805556
665,0,3,2,1,75,5,0,FALSE,756.75
666,0,3,2,1,76,2,0,FALSE,1181.194444
667,0,3,2,1,76,5,0,FALSE,743.7638889
668,0,3,2,1,77,2,0,FALSE,1324.958333
669,0,3,2,1,77,5,0,FALSE,747.3055556
670,0,3,2,1,78,2,0,FALSE,1316.541667
671,0,3,2,1,78,5,0,FALSE,740.7222222
672,0,3,2,1,79,2,0,FALSE,1484.555556
673,0,3,2,1,79,5,0,FALSE,746.1527778
674,0,3,2,1,80,2,0,TRUE,127.4305556
675,0,3,2,1,80,2,2,TRUE,387.3888889
676,0,3,2,1,80,2,3,TRUE,134.6111111
677,0,3,2,1,80,2,4,FALSE,1394.847222
678,0,3,2,1,80,5,0,TRUE,101.3333333
679,0,3,2,1,80,5,2,FALSE,798.625
680,0,3,2,1,80,5,3,FALSE,782.8888889
681,0,3,2,1,80,5,4,TRUE,101.6805556
682,1,1,2,0,59,2,0,FALSE,35478.3125
683,1,1,2,0,59,6,0,FALSE,1719.229167
684,1,1,2,0,60,2,0,FALSE,24690.5
685,1,1,2,0,60,6,0,FALSE,1196.5625
686,1,1,2,0,61,2,0,FALSE,28678.22917
687,1,1,2,0,61,6,0,FALSE,1255.958333
688,1,1,2,0,62,2,0,FALSE,27198.83333
689,1,1,2,0,62,6,0,FALSE,1202.75
690,1,1,2,0,63,2,0,FALSE,29408.0625
691,1,1,2,0,63,6,0,FALSE,1260.4375
692,1,1,2,0,64,2,0,FALSE,21949.35417
693,1,1,2,0,64,6,0,FALSE,1168.3125
694,1,1,2,0,65,2,0,FALSE,26256.45833
695,1,1,2,0,65,6,0,FALSE,1236.5
696,1,1,2,0,66,2,0,FALSE,25369.6875
697,1,1,2,0,66,6,0,FALSE,1279.895833
698,1,1,2,0,67,2,0,FALSE,29925.04167
699,1,1,2,0,67,6,0,FALSE,1483.791667
700,1,1,2,0,68,2,0,FALSE,19271.29167
701,1,1,2,0,68,6,0,FALSE,1078.770833
702,1,1,2,0,69,2,0,FALSE,22848.75
703,1,1,2,0,69,3,0,FALSE,465.8541667
704,1,1,2,0,69,6,0,FALSE,1105.9375
705,1,1,2,0,70,2,0,FALSE,21991.9375
706,1,1,2,0,70,3,0,FALSE,476.7708333
707,1,1,2,0,70,6,0,FALSE,1165.1875
708,1,1,2,0,71,2,0,FALSE,25994
709,1,1,2,0,71,3,0,FALSE,444.125
710,1,1,2,0,71,6,0,FALSE,1328.125
711,1,1,2,0,72,2,0,FALSE,24081.77083
712,1,1,2,0,72,3,0,FALSE,462.2708333
713,1,1,2,0,72,6,0,FALSE,1268.479167
714,1,1,2,0,73,2,0,FALSE,29144.60417
715,1,1,2,0,73,3,0,FALSE,431.1875
716,1,1,2,0,73,6,0,FALSE,1409.395833
717,1,1,2,0,74,2,0,FALSE,27501.9375
718,1,1,2,0,74,3,0,FALSE,467.5625
719,1,1,2,0,74,6,0,FALSE,1352.958333
720,1,1,2,0,75,2,0,FALSE,31956.75
721,1,1,2,0,75,3,0,FALSE,442.375
722,1,1,2,0,75,6,0,FALSE,1573.5625
723,1,1,2,0,76,2,0,FALSE,20463.4375
724,1,1,2,0,76,3,0,FALSE,480.7916667
725,1,1,2,0,76,6,0,FALSE,1128.020833
726,1,1,2,0,77,2,0,FALSE,25185.47917
727,1,1,2,0,77,3,0,FALSE,437.8333333
728,1,1,2,0,77,6,0,FALSE,1250.604167
729,1,1,2,0,78,2,0,FALSE,23841.14583
730,1,1,2,0,78,3,0,FALSE,478.0833333
731,1,1,2,0,78,6,0,FALSE,1217.3125
732,1,1,2,0,79,2,0,FALSE,28590.20833
733,1,1,2,0,79,3,0,FALSE,443.0416667
734,1,1,2,0,79,6,0,FALSE,1407.333333
735,1,1,2,0,80,2,0,TRUE,5465.270833
736,1,1,2,0,80,2,1,TRUE,5927.4375
737,1,1,2,0,80,2,2,FALSE,27858.77083
738,1,1,2,0,80,2,3,FALSE,29312.47917
739,1,1,2,0,80,3,0,TRUE,92.33333333
740,1,1,2,0,80,3,1,TRUE,91.35416667
741,1,1,2,0,80,3,2,FALSE,477.7083333
742,1,1,2,0,80,3,3,FALSE,470.4166667
743,1,1,2,0,80,6,0,TRUE,333.0208333
744,1,1,2,0,80,6,1,TRUE,335.9375
745,1,1,2,0,80,6,2,FALSE,1394.583333
746,1,1,2,0,80,6,3,FALSE,1434.625
747,1,1,2,1,59,2,0,FALSE,40353.88889
748,1,1,2,1,59,6,0,FALSE,4476.416667
749,1,1,2,1,60,2,0,FALSE,28170.11111
750,1,1,2,1,60,6,0,FALSE,3407.333333
751,1,1,2,1,61,2,0,FALSE,31292.38889
752,1,1,2,1,61,6,0,FALSE,3331.222222
753,1,1,2,1,62,2,0,FALSE,30704.22222
754,1,1,2,1,62,6,0,FALSE,3418.722222
755,1,1,2,1,63,2,0,FALSE,32320.66667
756,1,1,2,1,63,6,0,FALSE,3304.416667
757,1,1,2,1,64,2,0,FALSE,27020.27778
758,1,1,2,1,64,6,0,FALSE,3243.833333
759,1,1,2,1,65,2,0,FALSE,31143.47222
760,1,1,2,1,65,6,0,FALSE,3505.777778
761,1,1,2,1,66,2,0,FALSE,30776.72222
762,1,1,2,1,66,6,0,FALSE,3630.583333
763,1,1,2,1,67,2,0,FALSE,35298.80556
764,1,1,2,1,67,6,0,FALSE,3996.944444
765,1,1,2,1,68,2,0,FALSE,24020.19444
766,1,1,2,1,68,6,0,FALSE,3008.138889
767,1,1,2,1,69,2,0,FALSE,27255.55556
768,1,1,2,1,69,3,0,FALSE,1560.305556
769,1,1,2,1,69,5,0,FALSE,8812.222222
770,1,1,2,1,69,6,0,FALSE,3094.972222
771,1,1,2,1,70,2,0,FALSE,26999.63889
772,1,1,2,1,70,3,0,FALSE,1557.055556
773,1,1,2,1,70,5,0,FALSE,8872.25
774,1,1,2,1,70,6,0,FALSE,3136.416667
775,1,1,2,1,71,2,0,FALSE,31141.61111
776,1,1,2,1,71,3,0,FALSE,1522.944444
777,1,1,2,1,71,5,0,FALSE,8882.138889
778,1,1,2,1,71,6,0,FALSE,3598.555556
779,1,1,2,1,72,2,0,FALSE,29333.25
780,1,1,2,1,72,3,0,FALSE,1521.555556
781,1,1,2,1,72,5,0,FALSE,8841.111111
782,1,1,2,1,72,6,0,FALSE,3397.222222
783,1,1,2,1,73,2,0,FALSE,34668.22222
784,1,1,2,1,73,3,0,FALSE,1317.833333
785,1,1,2,1,73,5,0,FALSE,8684.027778
786,1,1,2,1,73,6,0,FALSE,3898.388889
787,1,1,2,1,74,2,0,FALSE,32808.08333
788,1,1,2,1,74,3,0,FALSE,1506.944444
789,1,1,2,1,74,5,0,FALSE,8988.388889
790,1,1,2,1,74,6,0,FALSE,3705.805556
791,1,1,2,1,75,2,0,FALSE,37421.16667
792,1,1,2,1,75,3,0,FALSE,1392.25
793,1,1,2,1,75,5,0,FALSE,8798.722222
794,1,1,2,1,75,6,0,FALSE,4176.805556
795,1,1,2,1,76,2,0,FALSE,25194.55556
796,1,1,2,1,76,3,0,FALSE,1537.055556
797,1,1,2,1,76,5,0,FALSE,8792.972222
798,1,1,2,1,76,6,0,FALSE,3098.5
799,1,1,2,1,77,2,0,FALSE,29798.02778
800,1,1,2,1,77,3,0,FALSE,1323.611111
801,1,1,2,1,77,5,0,FALSE,8758.444444
802,1,1,2,1,77,6,0,FALSE,3379.25
803,1,1,2,1,78,2,0,FALSE,28727.22222
804,1,1,2,1,78,3,0,FALSE,1529.777778
805,1,1,2,1,78,5,0,FALSE,8900.583333
806,1,1,2,1,78,6,0,FALSE,3321.638889
807,1,1,2,1,79,2,0,FALSE,33975.33333
808,1,1,2,1,79,3,0,FALSE,1461.916667
809,1,1,2,1,79,5,0,FALSE,8895.416667
810,1,1,2,1,79,6,0,FALSE,3782.833333
811,1,1,2,1,80,2,0,TRUE,6619.138889
812,1,1,2,1,80,2,1,TRUE,6903.833333
813,1,1,2,1,80,2,2,FALSE,33476.13889
814,1,1,2,1,80,2,3,FALSE,35103.25
815,1,1,2,1,80,2,4,FALSE,31005.86111
816,1,1,2,1,80,3,0,TRUE,115.9444444
817,1,1,2,1,80,3,1,TRUE,115.6666667
818,1,1,2,1,80,3,2,FALSE,1461.944444
819,1,1,2,1,80,3,3,FALSE,1380.361111
820,1,1,2,1,80,3,4,FALSE,1556.555556
821,1,1,2,1,80,5,0,FALSE,8744.083333
822,1,1,2,1,80,6,0,TRUE,843.1944444
823,1,1,2,1,80,6,1,TRUE,882.8888889
824,1,1,2,1,80,6,2,FALSE,3754.138889
825,1,1,2,1,80,6,3,FALSE,3872.194444
826,1,1,2,1,80,6,4,FALSE,3535.5
827,1,1,2,1,81,5,0,FALSE,8469.611111
828,1,1,2,1,82,5,0,FALSE,8772.416667
829,1,1,2,1,83,5,0,FALSE,8603.527778
830,1,1,2,1,84,5,0,FALSE,8788.916667
831,1,1,2,1,85,5,0,FALSE,8452.833333
832,1,1,2,1,86,5,0,FALSE,8802.611111
833,1,1,2,1,87,5,0,FALSE,8622.666667
834,1,1,2,1,88,5,0,FALSE,8761.166667
835,1,1,2,1,89,5,0,FALSE,8645.388889
836,1,1,2,1,90,5,0,TRUE,81.88888889
837,1,1,2,1,90,5,1,TRUE,1433.027778
838,1,1,2,1,90,5,2,FALSE,10424.47222
839,1,1,2,1,90,5,3,FALSE,9327.916667
840,1,1,2,1,90,5,4,TRUE,84.72222222
841,1,2,2,0,59,1,0,FALSE,15105.91667
842,1,2,2,0,59,2,0,FALSE,35231.43333
843,1,2,2,0,59,4,0,FALSE,951.8333333
844,1,2,2,0,59,6,0,FALSE,1703.1
845,1,2,2,0,60,1,0,FALSE,10599.27778
846,1,2,2,0,60,2,0,FALSE,24628.88333
847,1,2,2,0,60,4,0,FALSE,882.3333333
848,1,2,2,0,60,6,0,FALSE,1168.716667
849,1,2,2,0,61,1,0,FALSE,12062.36111
850,1,2,2,0,61,2,0,FALSE,28386.73333
851,1,2,2,0,61,4,0,FALSE,927.1944444
852,1,2,2,0,61,6,0,FALSE,1241.9
853,1,2,2,0,62,1,0,FALSE,11614.97222
854,1,2,2,0,62,2,0,FALSE,27104.53333
855,1,2,2,0,62,4,0,FALSE,921.4722222
856,1,2,2,0,62,6,0,FALSE,1217.883333
857,1,2,2,0,63,1,0,FALSE,12824.38889
858,1,2,2,0,63,2,0,FALSE,29260.85
859,1,2,2,0,63,4,0,FALSE,952.1388889
860,1,2,2,0,63,6,0,FALSE,1215.6
861,1,2,2,0,64,1,0,FALSE,9324.944444
862,1,2,2,0,64,2,0,FALSE,21867.43333
863,1,2,2,0,64,4,0,FALSE,737.0555556
864,1,2,2,0,64,6,0,FALSE,1151.7
865,1,2,2,0,65,1,0,FALSE,11079.16667
866,1,2,2,0,65,2,0,FALSE,26133.13333
867,1,2,2,0,65,4,0,FALSE,795.4166667
868,1,2,2,0,65,6,0,FALSE,1243.216667
869,1,2,2,0,66,1,0,FALSE,10866.77778
870,1,2,2,0,66,2,0,FALSE,25322.6
871,1,2,2,0,66,4,0,FALSE,790.6944444
872,1,2,2,0,66,6,0,FALSE,1267.633333
873,1,2,2,0,67,1,0,FALSE,12906.52778
874,1,2,2,0,67,2,0,FALSE,29747.25
875,1,2,2,0,67,4,0,FALSE,834.6111111
876,1,2,2,0,67,6,0,FALSE,1472.266667
877,1,2,2,0,68,1,0,FALSE,8803.194444
878,1,2,2,0,68,2,0,FALSE,19010.85
879,1,2,2,0,68,4,0,FALSE,738.8888889
880,1,2,2,0,68,6,0,FALSE,1065.383333
881,1,2,2,0,69,1,0,FALSE,10437.83333
882,1,2,2,0,69,2,0,FALSE,22603.08333
883,1,2,2,0,69,3,0,FALSE,455.2833333
884,1,2,2,0,69,4,0,FALSE,824.2222222
885,1,2,2,0,69,6,0,FALSE,1102.466667
886,1,2,2,0,70,1,0,FALSE,10025.77778
887,1,2,2,0,70,2,0,FALSE,21829.18333
888,1,2,2,0,70,3,0,FALSE,473.5166667
889,1,2,2,0,70,4,0,TRUE,403.9444444
890,1,2,2,0,70,4,1,FALSE,908.25
891,1,2,2,0,70,4,2,TRUE,462.4444444
892,1,2,2,0,70,4,3,FALSE,937.6666667
893,1,2,2,0,70,6,0,FALSE,1166.95
894,1,2,2,0,71,1,0,FALSE,11753.94444
895,1,2,2,0,71,2,0,FALSE,25648.31667
896,1,2,2,0,71,3,0,FALSE,434.8333333
897,1,2,2,0,71,6,0,FALSE,1305
898,1,2,2,0,72,1,0,FALSE,10487.5
899,1,2,2,0,72,2,0,FALSE,23891.51667
900,1,2,2,0,72,3,0,FALSE,456.6833333
901,1,2,2,0,72,6,0,FALSE,1227.066667
902,1,2,2,0,73,1,0,FALSE,12919.16667
903,1,2,2,0,73,2,0,FALSE,28885.4
904,1,2,2,0,73,3,0,FALSE,414.85
905,1,2,2,0,73,6,0,FALSE,1391.7
906,1,2,2,0,74,1,0,FALSE,12246.88889
907,1,2,2,0,74,2,0,FALSE,27252.78333
908,1,2,2,0,74,3,0,FALSE,455.9
909,1,2,2,0,74,6,0,FALSE,1324.883333
910,1,2,2,0,75,1,0,FALSE,14634.22222
911,1,2,2,0,75,2,0,FALSE,31755.55
912,1,2,2,0,75,3,0,FALSE,427.35
913,1,2,2,0,75,6,0,FALSE,1568.15
914,1,2,2,0,76,1,0,FALSE,9649.305556
915,1,2,2,0,76,2,0,FALSE,20316.65
916,1,2,2,0,76,3,0,FALSE,460.05
917,1,2,2,0,76,6,0,FALSE,1124.8
918,1,2,2,0,77,1,0,FALSE,11680.27778
919,1,2,2,0,77,2,0,FALSE,24790.21667
920,1,2,2,0,77,3,0,FALSE,422.2833333
921,1,2,2,0,77,6,0,FALSE,1224.9
922,1,2,2,0,78,1,0,FALSE,11226.25
923,1,2,2,0,78,2,0,FALSE,23479
924,1,2,2,0,78,3,0,FALSE,471.9833333
925,1,2,2,0,78,6,0,FALSE,1191.583333
926,1,2,2,0,79,1,0,FALSE,13372.08333
927,1,2,2,0,79,2,0,FALSE,28241.26667
928,1,2,2,0,79,3,0,FALSE,434.45
929,1,2,2,0,79,6,0,FALSE,1377.25
930,1,2,2,0,80,1,0,FALSE,10009.22222
931,1,2,2,0,80,2,0,TRUE,5507.5
932,1,2,2,0,80,2,1,TRUE,5922.533333
933,1,2,2,0,80,2,2,FALSE,27633.43333
934,1,2,2,0,80,2,3,FALSE,29100.45
935,1,2,2,0,80,3,0,TRUE,91.1
936,1,2,2,0,80,3,1,TRUE,86.88333333
937,1,2,2,0,80,3,2,FALSE,472.35
938,1,2,2,0,80,3,3,FALSE,465.8333333
939,1,2,2,0,80,6,0,TRUE,324.35
940,1,2,2,0,80,6,1,TRUE,334.1
941,1,2,2,0,80,6,2,FALSE,1372.45
942,1,2,2,0,80,6,3,FALSE,1422.133333
943,1,2,2,0,81,1,0,FALSE,12243.33333
944,1,2,2,0,82,1,0,FALSE,12013.69444
945,1,2,2,0,83,1,0,FALSE,13958.72222
946,1,2,2,0,84,1,0,FALSE,9265.694444
947,1,2,2,0,85,1,0,FALSE,11109.94444
948,1,2,2,0,86,1,0,FALSE,10743.11111
949,1,2,2,0,87,1,0,FALSE,12694.27778
950,1,2,2,0,88,1,0,FALSE,10967.30556
951,1,2,2,0,89,1,0,FALSE,12809.38889
952,1,2,2,0,90,1,0,TRUE,229.9444444
953,1,2,2,0,90,1,1,TRUE,5484.194444
954,1,2,2,0,90,1,2,TRUE,248.0277778
955,1,2,2,0,90,1,3,FALSE,14678.44444
956,1,2,2,1,59,1,0,FALSE,21354.875
957,1,2,2,1,59,2,0,FALSE,40048.25
958,1,2,2,1,59,4,0,FALSE,1250.375
959,1,2,2,1,59,6,0,FALSE,4488.309524
960,1,2,2,1,60,1,0,FALSE,16957.66667
961,1,2,2,1,60,2,0,FALSE,28181.65476
962,1,2,2,1,60,4,0,FALSE,1205.145833
963,1,2,2,1,60,6,0,FALSE,3310.369048
964,1,2,2,1,61,1,0,FALSE,17870.70833
965,1,2,2,1,61,2,0,FALSE,31158.75
966,1,2,2,1,61,4,0,FALSE,1200.208333
967,1,2,2,1,61,6,0,FALSE,3308.238095
968,1,2,2,1,62,1,0,FALSE,17725.58333
969,1,2,2,1,62,2,0,FALSE,30506.29762
970,1,2,2,1,62,4,0,FALSE,1215.791667
971,1,2,2,1,62,6,0,FALSE,3405.119048
972,1,2,2,1,63,1,0,FALSE,18380
973,1,2,2,1,63,2,0,FALSE,31941.02381
974,1,2,2,1,63,4,0,FALSE,1202.395833
975,1,2,2,1,63,6,0,FALSE,3289.119048
976,1,2,2,1,64,1,0,FALSE,15591.79167
977,1,2,2,1,64,2,0,FALSE,26735.91667
978,1,2,2,1,64,4,0,FALSE,1045.0625
979,1,2,2,1,64,6,0,FALSE,3233.369048
980,1,2,2,1,65,1,0,FALSE,17312.20833
981,1,2,2,1,65,2,0,FALSE,30919.05952
982,1,2,2,1,65,4,0,FALSE,1122.104167
983,1,2,2,1,65,6,0,FALSE,3484.25
984,1,2,2,1,66,1,0,FALSE,17394.375
985,1,2,2,1,66,2,0,FALSE,30479.69048
986,1,2,2,1,66,4,0,FALSE,1085.791667
987,1,2,2,1,66,6,0,FALSE,3533.380952
988,1,2,2,1,67,1,0,FALSE,19236.75
989,1,2,2,1,67,2,0,FALSE,35290.02381
990,1,2,2,1,67,4,0,FALSE,1169.583333
991,1,2,2,1,67,6,0,FALSE,4002.761905
992,1,2,2,1,68,1,0,FALSE,14948.95833
993,1,2,2,1,68,2,0,FALSE,23673.71429
994,1,2,2,1,68,4,0,FALSE,1063.458333
995,1,2,2,1,68,6,0,FALSE,2943.964286
996,1,2,2,1,69,1,0,FALSE,16339.39583
997,1,2,2,1,69,2,0,FALSE,27162.22619
998,1,2,2,1,69,3,0,FALSE,1518.964286
999,1,2,2,1,69,4,0,FALSE,1115.291667
1000,1,2,2,1,69,5,0,FALSE,8747.297619
1001,1,2,2,1,69,6,0,FALSE,3066.702381
1002,1,2,2,1,70,1,0,FALSE,16229.91667
1003,1,2,2,1,70,2,0,FALSE,26857.66667
1004,1,2,2,1,70,3,0,FALSE,1506.702381
1005,1,2,2,1,70,4,0,TRUE,509.75
1006,1,2,2,1,70,4,1,FALSE,1185.958333
1007,1,2,2,1,70,4,2,TRUE,552.7916667
1008,1,2,2,1,70,4,3,FALSE,1233.229167
1009,1,2,2,1,70,4,4,FALSE,1187.6875
1010,1,2,2,1,70,5,0,FALSE,8981.309524
1011,1,2,2,1,70,6,0,FALSE,3139.214286
1012,1,2,2,1,71,1,0,FALSE,17921.52083
1013,1,2,2,1,71,2,0,FALSE,31048.65476
1014,1,2,2,1,71,3,0,FALSE,1460.738095
1015,1,2,2,1,71,5,0,FALSE,8829.785714
1016,1,2,2,1,71,6,0,FALSE,3572.011905
1017,1,2,2,1,72,1,0,FALSE,17133.4375
1018,1,2,2,1,72,2,0,FALSE,28989.60714
1019,1,2,2,1,72,3,0,FALSE,1480.27381
1020,1,2,2,1,72,5,0,FALSE,8858.630952
1021,1,2,2,1,72,6,0,FALSE,3444.392857
1022,1,2,2,1,73,1,0,FALSE,19513.375
1023,1,2,2,1,73,2,0,FALSE,34327.72619
1024,1,2,2,1,73,3,0,FALSE,1297.511905
1025,1,2,2,1,73,5,0,FALSE,8621.404762
1026,1,2,2,1,73,6,0,FALSE,3830.369048
1027,1,2,2,1,74,1,0,FALSE,19059.16667
1028,1,2,2,1,74,2,0,FALSE,32804.53571
1029,1,2,2,1,74,3,0,FALSE,1477.059524
1030,1,2,2,1,74,5,0,FALSE,8958.75
1031,1,2,2,1,74,6,0,FALSE,3734.583333
1032,1,2,2,1,75,1,0,FALSE,21215.10417
1033,1,2,2,1,75,2,0,FALSE,37388.52381
1034,1,2,2,1,75,3,0,FALSE,1361.72619
1035,1,2,2,1,75,5,0,FALSE,8815.285714
1036,1,2,2,1,75,6,0,FALSE,4192.309524
1037,1,2,2,1,76,1,0,FALSE,15996.91667
1038,1,2,2,1,76,2,0,FALSE,25032.92857
1039,1,2,2,1,76,3,0,FALSE,1499.809524
1040,1,2,2,1,76,5,0,FALSE,8864.928571
1041,1,2,2,1,76,6,0,FALSE,3090.22619
1042,1,2,2,1,77,1,0,FALSE,17889.27083
1043,1,2,2,1,77,2,0,FALSE,29347.09524
1044,1,2,2,1,77,3,0,FALSE,1305.97619
1045,1,2,2,1,77,5,0,FALSE,8737.761905
1046,1,2,2,1,77,6,0,FALSE,3362.130952
1047,1,2,2,1,78,1,0,FALSE,17562.35417
1048,1,2,2,1,78,2,0,FALSE,28582.16667
1049,1,2,2,1,78,3,0,FALSE,1496.654762
1050,1,2,2,1,78,5,0,FALSE,8956.547619
1051,1,2,2,1,78,6,0,FALSE,3317.333333
1052,1,2,2,1,79,1,0,FALSE,19533.47917
1053,1,2,2,1,79,2,0,FALSE,33535.94048
1054,1,2,2,1,79,3,0,FALSE,1428.654762
1055,1,2,2,1,79,5,0,FALSE,8872.52381
1056,1,2,2,1,79,6,0,FALSE,3786.916667
1057,1,2,2,1,80,1,0,FALSE,16578.66667
1058,1,2,2,1,80,2,0,TRUE,6498.678571
1059,1,2,2,1,80,2,1,TRUE,6873.357143
1060,1,2,2,1,80,2,2,FALSE,33036.5119
1061,1,2,2,1,80,2,3,FALSE,34739.78571
1062,1,2,2,1,80,2,4,FALSE,30918.0119
1063,1,2,2,1,80,3,0,TRUE,115.5238095
1064,1,2,2,1,80,3,1,TRUE,113.1190476
1065,1,2,2,1,80,3,2,FALSE,1410.690476
1066,1,2,2,1,80,3,3,FALSE,1344.845238
1067,1,2,2,1,80,3,4,FALSE,1517.904762
1068,1,2,2,1,80,5,0,FALSE,8803.607143
1069,1,2,2,1,80,6,0,TRUE,820.8214286
1070,1,2,2,1,80,6,1,TRUE,869.3690476
1071,1,2,2,1,80,6,2,FALSE,3766.571429
1072,1,2,2,1,80,6,3,FALSE,3902.880952
1073,1,2,2,1,80,6,4,FALSE,3522.535714
1074,1,2,2,1,81,1,0,FALSE,18419.5625
1075,1,2,2,1,81,5,0,FALSE,8581.642857
1076,1,2,2,1,82,1,0,FALSE,18776.54167
1077,1,2,2,1,82,5,0,FALSE,8835.535714
1078,1,2,2,1,83,1,0,FALSE,20564.22917
1079,1,2,2,1,83,5,0,FALSE,8636.142857
1080,1,2,2,1,84,1,0,FALSE,15453.64583
1081,1,2,2,1,84,5,0,FALSE,8829.809524
1082,1,2,2,1,85,1,0,FALSE,16927.20833
1083,1,2,2,1,85,5,0,FALSE,8580.047619
1084,1,2,2,1,86,1,0,FALSE,17082.95833
1085,1,2,2,1,86,5,0,FALSE,8876.035714
1086,1,2,2,1,87,1,0,FALSE,19013.91667
1087,1,2,2,1,87,5,0,FALSE,8657.702381
1088,1,2,2,1,88,1,0,FALSE,17723.72917
1089,1,2,2,1,88,5,0,FALSE,8813.011905
1090,1,2,2,1,89,1,0,FALSE,19083.83333
1091,1,2,2,1,89,5,0,FALSE,8585.392857
1092,1,2,2,1,90,1,0,TRUE,309.6666667
1093,1,2,2,1,90,1,1,TRUE,8595.3125
1094,1,2,2,1,90,1,2,TRUE,320.9791667
1095,1,2,2,1,90,1,3,FALSE,22622.47917
1096,1,2,2,1,90,1,4,FALSE,20320.8125
1097,1,2,2,1,90,5,0,TRUE,85.05952381
1098,1,2,2,1,90,5,1,TRUE,1434.702381
1099,1,2,2,1,90,5,2,FALSE,10322.02381
1100,1,2,2,1,90,5,3,FALSE,9352.27381
1101,1,2,2,1,90,5,4,TRUE,84.33333333
1102,1,3,2,0,59,1,0,FALSE,15616.47222
1103,1,3,2,0,59,2,0,FALSE,35540.36111
1104,1,3,2,0,59,4,0,FALSE,955.5833333
1105,1,3,2,0,59,6,0,FALSE,1669.527778
1106,1,3,2,0,60,1,0,FALSE,11175.38889
1107,1,3,2,0,60,2,0,FALSE,24691.58333
1108,1,3,2,0,60,4,0,FALSE,865.4166667
1109,1,3,2,0,60,6,0,FALSE,1151.444444
1110,1,3,2,0,61,1,0,FALSE,12617.86111
1111,1,3,2,0,61,2,0,FALSE,28355.41667
1112,1,3,2,0,61,4,0,FALSE,942.8333333
1113,1,3,2,0,61,6,0,FALSE,1202.305556
1114,1,3,2,0,62,1,0,FALSE,12199.22222
1115,1,3,2,0,62,2,0,FALSE,27208.77778
1116,1,3,2,0,62,4,0,FALSE,895.3541667
1117,1,3,2,0,62,6,0,FALSE,1187
1118,1,3,2,0,63,1,0,FALSE,13551.11111
1119,1,3,2,0,63,2,0,FALSE,29315.25
1120,1,3,2,0,63,4,0,FALSE,937.2083333
1121,1,3,2,0,63,6,0,FALSE,1189.972222
1122,1,3,2,0,64,1,0,FALSE,9836.805556
1123,1,3,2,0,64,2,0,FALSE,22089
1124,1,3,2,0,64,4,0,FALSE,732.2708333
1125,1,3,2,0,64,6,0,FALSE,1128.833333
1126,1,3,2,0,65,1,0,FALSE,11583.44444
1127,1,3,2,0,65,2,0,FALSE,26265.80556
1128,1,3,2,0,65,4,0,FALSE,782.1458333
1129,1,3,2,0,65,6,0,FALSE,1176.361111
1130,1,3,2,0,66,1,0,FALSE,11422.27778
1131,1,3,2,0,66,2,0,FALSE,25321.30556
1132,1,3,2,0,66,4,0,FALSE,783.1875
1133,1,3,2,0,66,6,0,FALSE,1220.305556
1134,1,3,2,0,67,1,0,FALSE,13531.25
1135,1,3,2,0,67,2,0,FALSE,29873.52778
1136,1,3,2,0,67,4,0,FALSE,833.9583333
1137,1,3,2,0,67,6,0,FALSE,1416.888889
1138,1,3,2,0,68,1,0,FALSE,9286.666667
1139,1,3,2,0,68,2,0,FALSE,19076.69444
1140,1,3,2,0,68,4,0,FALSE,728.1875
1141,1,3,2,0,68,6,0,FALSE,1046.194444
1142,1,3,2,0,69,1,0,FALSE,11055.88889
1143,1,3,2,0,69,2,0,FALSE,22697.61111
1144,1,3,2,0,69,3,0,FALSE,443.25
1145,1,3,2,0,69,4,0,FALSE,802.3333333
1146,1,3,2,0,69,6,0,FALSE,1052.611111
1147,1,3,2,0,70,1,0,FALSE,10450.52778
1148,1,3,2,0,70,2,0,FALSE,21929.41667
1149,1,3,2,0,70,3,0,FALSE,465.9722222
1150,1,3,2,0,70,4,0,TRUE,395.9166667
1151,1,3,2,0,70,4,1,FALSE,880.0208333
1152,1,3,2,0,70,4,2,TRUE,441.625
1153,1,3,2,0,70,4,3,FALSE,878.125
1154,1,3,2,0,70,6,0,FALSE,1110.583333
1155,1,3,2,0,71,1,0,FALSE,12458
1156,1,3,2,0,71,2,0,FALSE,25939.36111
1157,1,3,2,0,71,3,0,FALSE,428.2777778
1158,1,3,2,0,71,6,0,FALSE,1260.638889
1159,1,3,2,0,72,1,0,FALSE,11022.75
1160,1,3,2,0,72,2,0,FALSE,24071.83333
1161,1,3,2,0,72,3,0,FALSE,469.25
1162,1,3,2,0,72,6,0,FALSE,1221.055556
1163,1,3,2,0,73,1,0,FALSE,13506.58333
1164,1,3,2,0,73,2,0,FALSE,28894.08333
1165,1,3,2,0,73,3,0,FALSE,426.3888889
1166,1,3,2,0,73,6,0,FALSE,1336.75
1167,1,3,2,0,74,1,0,FALSE,12918.13889
1168,1,3,2,0,74,2,0,FALSE,27155.75
1169,1,3,2,0,74,3,0,FALSE,459.4166667
1170,1,3,2,0,74,6,0,FALSE,1288.138889
1171,1,3,2,0,75,1,0,FALSE,15422.69444
1172,1,3,2,0,75,2,0,FALSE,31665.02778
1173,1,3,2,0,75,3,0,FALSE,430.6388889
1174,1,3,2,0,75,6,0,FALSE,1523.638889
1175,1,3,2,0,76,1,0,FALSE,10253.80556
1176,1,3,2,0,76,2,0,FALSE,20351.91667
1177,1,3,2,0,76,3,0,FALSE,453.6666667
1178,1,3,2,0,76,6,0,FALSE,1087.583333
1179,1,3,2,0,77,1,0,FALSE,12401.02778
1180,1,3,2,0,77,2,0,FALSE,24788.55556
1181,1,3,2,0,77,3,0,FALSE,430.8333333
1182,1,3,2,0,77,6,0,FALSE,1179.333333
1183,1,3,2,0,78,1,0,FALSE,11979.58333
1184,1,3,2,0,78,2,0,FALSE,23830.25
1185,1,3,2,0,78,3,0,FALSE,472
1186,1,3,2,0,78,6,0,FALSE,1148.388889
1187,1,3,2,0,79,1,0,FALSE,14080.80556
1188,1,3,2,0,79,2,0,FALSE,28434.25
1189,1,3,2,0,79,3,0,FALSE,429.1111111
1190,1,3,2,0,79,6,0,FALSE,1353.361111
1191,1,3,2,0,80,1,0,FALSE,10660.16667
1192,1,3,2,0,80,2,0,TRUE,5495.166667
1193,1,3,2,0,80,2,1,TRUE,5947.333333
1194,1,3,2,0,80,2,2,FALSE,27606.88889
1195,1,3,2,0,80,2,3,FALSE,29080.36111
1196,1,3,2,0,80,3,0,TRUE,95.83333333
1197,1,3,2,0,80,3,1,TRUE,88.30555556
1198,1,3,2,0,80,3,2,FALSE,477
1199,1,3,2,0,80,3,3,FALSE,458.5277778
1200,1,3,2,0,80,6,0,TRUE,318.2222222
1201,1,3,2,0,80,6,1,TRUE,330.0833333
1202,1,3,2,0,80,6,2,FALSE,1344.444444
1203,1,3,2,0,80,6,3,FALSE,1410.416667
1204,1,3,2,0,81,1,0,FALSE,13030.05556
1205,1,3,2,0,82,1,0,FALSE,12591.72222
1206,1,3,2,0,83,1,0,FALSE,14871.66667
1207,1,3,2,0,84,1,0,FALSE,9822.138889
1208,1,3,2,0,85,1,0,FALSE,11790.11111
1209,1,3,2,0,86,1,0,FALSE,11445.41667
1210,1,3,2,0,87,1,0,FALSE,13361.44444
1211,1,3,2,0,88,1,0,FALSE,11642.36111
1212,1,3,2,0,89,1,0,FALSE,13410.5
1213,1,3,2,0,90,1,0,TRUE,249.4166667
1214,1,3,2,0,90,1,1,TRUE,5746.388889
1215,1,3,2,0,90,1,2,TRUE,262.4166667
1216,1,3,2,0,90,1,3,FALSE,15422.55556
1217,1,3,2,1,59,1,0,FALSE,22241.48958
1218,1,3,2,1,59,2,0,FALSE,43504.25
1219,1,3,2,1,59,4,0,FALSE,1271.925
1220,1,3,2,1,59,6,0,FALSE,3848.635417
1221,1,3,2,1,60,1,0,FALSE,17555.98958
1222,1,3,2,1,60,2,0,FALSE,30808.26042
1223,1,3,2,1,60,4,0,FALSE,1229.133333
1224,1,3,2,1,60,6,0,FALSE,2850.375
1225,1,3,2,1,61,1,0,FALSE,18410.92708
1226,1,3,2,1,61,2,0,FALSE,34018.71875
1227,1,3,2,1,61,4,0,FALSE,1251.65
1228,1,3,2,1,61,6,0,FALSE,2844.260417
1229,1,3,2,1,62,1,0,FALSE,18422.45833
1230,1,3,2,1,62,2,0,FALSE,33321.9375
1231,1,3,2,1,62,4,0,FALSE,1250.883333
1232,1,3,2,1,62,6,0,FALSE,2946.09375
1233,1,3,2,1,63,1,0,FALSE,19091.48958
1234,1,3,2,1,63,2,0,FALSE,34839.08333
1235,1,3,2,1,63,4,0,FALSE,1261.808333
1236,1,3,2,1,63,6,0,FALSE,2846.802083
1237,1,3,2,1,64,1,0,FALSE,15925.64583
1238,1,3,2,1,64,2,0,FALSE,29289.05208
1239,1,3,2,1,64,4,0,FALSE,1092.008333
1240,1,3,2,1,64,6,0,FALSE,2796.114583
1241,1,3,2,1,65,1,0,FALSE,17885.10417
1242,1,3,2,1,65,2,0,FALSE,33805.53125
1243,1,3,2,1,65,4,0,FALSE,1133.716667
1244,1,3,2,1,65,6,0,FALSE,2996.385417
1245,1,3,2,1,66,1,0,FALSE,17973.48958
1246,1,3,2,1,66,2,0,FALSE,33244.0625
1247,1,3,2,1,66,4,0,FALSE,1127.183333
1248,1,3,2,1,66,6,0,FALSE,3051.927083
1249,1,3,2,1,67,1,0,FALSE,19897.85417
1250,1,3,2,1,67,2,0,FALSE,38404.65625
1251,1,3,2,1,67,4,0,FALSE,1185.366667
1252,1,3,2,1,67,6,0,FALSE,3455.427083
1253,1,3,2,1,68,1,0,FALSE,15442.38542
1254,1,3,2,1,68,2,0,FALSE,25661.40625
1255,1,3,2,1,68,4,0,FALSE,1088.008333
1256,1,3,2,1,68,6,0,FALSE,2576.041667
1257,1,3,2,1,69,1,0,FALSE,16789.88542
1258,1,3,2,1,69,2,0,FALSE,29482.25
1259,1,3,2,1,69,3,0,FALSE,1637.90625
1260,1,3,2,1,69,4,0,FALSE,1140.566667
1261,1,3,2,1,69,5,0,FALSE,8347.3125
1262,1,3,2,1,69,6,0,FALSE,2660.572917
1263,1,3,2,1,70,1,0,FALSE,16715.85417
1264,1,3,2,1,70,2,0,FALSE,28977.28125
1265,1,3,2,1,70,3,0,FALSE,1639.666667
1266,1,3,2,1,70,4,0,TRUE,522.1333333
1267,1,3,2,1,70,4,1,FALSE,1214.091667
1268,1,3,2,1,70,4,2,TRUE,569.0583333
1269,1,3,2,1,70,4,3,FALSE,1231.841667
1270,1,3,2,1,70,4,4,FALSE,1222.741667
1271,1,3,2,1,70,5,0,FALSE,8528.96875
1272,1,3,2,1,70,6,0,FALSE,2689.3125
1273,1,3,2,1,71,1,0,FALSE,18425.86458
1274,1,3,2,1,71,2,0,FALSE,33755.63542
1275,1,3,2,1,71,3,0,FALSE,1593.34375
1276,1,3,2,1,71,5,0,FALSE,8466.041667
1277,1,3,2,1,71,6,0,FALSE,3058.8125
1278,1,3,2,1,72,1,0,FALSE,17625.03125
1279,1,3,2,1,72,2,0,FALSE,31622.76042
1280,1,3,2,1,72,3,0,FALSE,1576.145833
1281,1,3,2,1,72,5,0,FALSE,8473.489583
1282,1,3,2,1,72,6,0,FALSE,2930.708333
1283,1,3,2,1,73,1,0,FALSE,20074.77083
1284,1,3,2,1,73,2,0,FALSE,37136.01042
1285,1,3,2,1,73,3,0,FALSE,1386.875
1286,1,3,2,1,73,5,0,FALSE,8337.5625
1287,1,3,2,1,73,6,0,FALSE,3309.479167
1288,1,3,2,1,74,1,0,FALSE,19798
1289,1,3,2,1,74,2,0,FALSE,35315.35417
1290,1,3,2,1,74,3,0,FALSE,1593.333333
1291,1,3,2,1,74,5,0,FALSE,8546.197917
1292,1,3,2,1,74,6,0,FALSE,3221.354167
1293,1,3,2,1,75,1,0,FALSE,21968.91667
1294,1,3,2,1,75,2,0,FALSE,40599.90625
1295,1,3,2,1,75,3,0,FALSE,1457.729167
1296,1,3,2,1,75,5,0,FALSE,8369.583333
1297,1,3,2,1,75,6,0,FALSE,3624.729167
1298,1,3,2,1,76,1,0,FALSE,16303.52083
1299,1,3,2,1,76,2,0,FALSE,27220.16667
1300,1,3,2,1,76,3,0,FALSE,1642.229167
1301,1,3,2,1,76,5,0,FALSE,8486.65625
1302,1,3,2,1,76,6,0,FALSE,2641.864583
1303,1,3,2,1,77,1,0,FALSE,18302.125
1304,1,3,2,1,77,2,0,FALSE,32210.0625
1305,1,3,2,1,77,3,0,FALSE,1381.333333
1306,1,3,2,1,77,5,0,FALSE,8339.510417
1307,1,3,2,1,77,6,0,FALSE,2900.583333
1308,1,3,2,1,78,1,0,FALSE,18168.90625
1309,1,3,2,1,78,2,0,FALSE,31247.83333
1310,1,3,2,1,78,3,0,FALSE,1617.197917
1311,1,3,2,1,78,5,0,FALSE,8533.53125
1312,1,3,2,1,78,6,0,FALSE,2862.46875
1313,1,3,2,1,79,1,0,FALSE,20222.64583
1314,1,3,2,1,79,2,0,FALSE,36771.88542
1315,1,3,2,1,79,3,0,FALSE,1547.479167
1316,1,3,2,1,79,5,0,FALSE,8481.3125
1317,1,3,2,1,79,6,0,FALSE,3270.666667
1318,1,3,2,1,80,1,0,FALSE,17158.77083
1319,1,3,2,1,80,2,0,TRUE,7088.239583
1320,1,3,2,1,80,2,1,TRUE,7486.739583
1321,1,3,2,1,80,2,2,FALSE,35904.19792
1322,1,3,2,1,80,2,3,FALSE,37800.47917
1323,1,3,2,1,80,2,4,FALSE,33720.28125
1324,1,3,2,1,80,3,0,TRUE,118.2916667
1325,1,3,2,1,80,3,1,TRUE,117.3958333
1326,1,3,2,1,80,3,2,FALSE,1543.1875
1327,1,3,2,1,80,3,3,FALSE,1483.916667
1328,1,3,2,1,80,3,4,FALSE,1648.666667
1329,1,3,2,1,80,5,0,FALSE,8388.552083
1330,1,3,2,1,80,6,0,TRUE,710.6354167
1331,1,3,2,1,80,6,1,TRUE,746.4895833
1332,1,3,2,1,80,6,2,FALSE,3254
1333,1,3,2,1,80,6,3,FALSE,3327.46875
1334,1,3,2,1,80,6,4,FALSE,3026.791667
1335,1,3,2,1,81,1,0,FALSE,19181.89583
1336,1,3,2,1,81,5,0,FALSE,8155.479167
1337,1,3,2,1,82,1,0,FALSE,19397.16667
1338,1,3,2,1,82,5,0,FALSE,8396.270833
1339,1,3,2,1,83,1,0,FALSE,21139.03125
1340,1,3,2,1,83,5,0,FALSE,8272.552083
1341,1,3,2,1,84,1,0,FALSE,16014.875
1342,1,3,2,1,84,5,0,FALSE,8400.104167
1343,1,3,2,1,85,1,0,FALSE,17491.75
1344,1,3,2,1,85,5,0,FALSE,8175.760417
1345,1,3,2,1,86,1,0,FALSE,17693.19792
1346,1,3,2,1,86,5,0,FALSE,8440.375
1347,1,3,2,1,87,1,0,FALSE,19670.23958
1348,1,3,2,1,87,5,0,FALSE,8238.229167
1349,1,3,2,1,88,1,0,FALSE,18298.10417
1350,1,3,2,1,88,5,0,FALSE,8391.197917
1351,1,3,2,1,89,1,0,FALSE,19702.94792
1352,1,3,2,1,89,5,0,FALSE,8222.3125
1353,1,3,2,1,90,1,0,TRUE,317.875
1354,1,3,2,1,90,1,1,TRUE,8812.604167
1355,1,3,2,1,90,1,2,TRUE,328.5208333
1356,1,3,2,1,90,1,3,FALSE,23376.26042
1357,1,3,2,1,90,1,4,FALSE,20750.82292
1358,1,3,2,1,90,5,0,TRUE,87.32291667
1359,1,3,2,1,90,5,1,TRUE,1393.291667
1360,1,3,2,1,90,5,2,FALSE,9928.385417
1361,1,3,2,1,90,5,3,FALSE,8954.65625
1362,1,3,2,1,90,5,4,TRUE,84.39583333
1363,2,1,2,0,59,2,0,FALSE,35755
1364,2,1,2,0,59,6,0,FALSE,1673.5
1365,2,1,2,0,60,2,0,FALSE,24781.75
1366,2,1,2,0,60,6,0,FALSE,1158.833333
1367,2,1,2,0,61,2,0,FALSE,28482.16667
1368,2,1,2,0,61,6,0,FALSE,1181.75
1369,2,1,2,0,62,2,0,FALSE,26956.83333
1370,2,1,2,0,62,6,0,FALSE,1173.333333
1371,2,1,2,0,63,2,0,FALSE,29323
1372,2,1,2,0,63,6,0,FALSE,1227.166667
1373,2,1,2,0,64,2,0,FALSE,22294.83333
1374,2,1,2,0,64,6,0,FALSE,1133.583333
1375,2,1,2,0,65,2,0,FALSE,26628.66667
1376,2,1,2,0,65,6,0,FALSE,1208.833333
1377,2,1,2,0,66,2,0,FALSE,25153
1378,2,1,2,0,66,6,0,FALSE,1270.416667
1379,2,1,2,0,67,2,0,FALSE,29889.91667
1380,2,1,2,0,67,6,0,FALSE,1438.166667
1381,2,1,2,0,68,2,0,FALSE,19152.25
1382,2,1,2,0,68,6,0,FALSE,1062.75
1383,2,1,2,0,69,2,0,FALSE,22427.66667
1384,2,1,2,0,69,3,0,FALSE,486.9166667
1385,2,1,2,0,69,6,0,FALSE,1097.166667
1386,2,1,2,0,70,2,0,FALSE,21676.83333
1387,2,1,2,0,70,3,0,FALSE,460.5833333
1388,2,1,2,0,70,6,0,FALSE,1090.5
1389,2,1,2,0,71,2,0,FALSE,25634.41667
1390,2,1,2,0,71,3,0,FALSE,420.0833333
1391,2,1,2,0,71,6,0,FALSE,1257.666667
1392,2,1,2,0,72,2,0,FALSE,23956.5
1393,2,1,2,0,72,3,0,FALSE,459.9166667
1394,2,1,2,0,72,6,0,FALSE,1200.25
1395,2,1,2,0,73,2,0,FALSE,29160.33333
1396,2,1,2,0,73,3,0,FALSE,411.0833333
1397,2,1,2,0,73,6,0,FALSE,1366.75
1398,2,1,2,0,74,2,0,FALSE,27455.91667
1399,2,1,2,0,74,3,0,FALSE,436.4166667
1400,2,1,2,0,74,6,0,FALSE,1341.25
1401,2,1,2,0,75,2,0,FALSE,32026.66667
1402,2,1,2,0,75,3,0,FALSE,414.4166667
1403,2,1,2,0,75,6,0,FALSE,1554.416667
1404,2,1,2,0,76,2,0,FALSE,20526.75
1405,2,1,2,0,76,3,0,FALSE,430.25
1406,2,1,2,0,76,6,0,FALSE,1098.25
1407,2,1,2,0,77,2,0,FALSE,25060.83333
1408,2,1,2,0,77,3,0,FALSE,407.1666667
1409,2,1,2,0,77,6,0,FALSE,1192.916667
1410,2,1,2,0,78,2,0,FALSE,23851.33333
1411,2,1,2,0,78,3,0,FALSE,448.0833333
1412,2,1,2,0,78,6,0,FALSE,1167.166667
1413,2,1,2,0,79,2,0,FALSE,28519.58333
1414,2,1,2,0,79,3,0,FALSE,413
1415,2,1,2,0,79,6,0,FALSE,1378.583333
1416,2,1,2,0,80,2,0,TRUE,5475
1417,2,1,2,0,80,2,1,TRUE,5869.5
1418,2,1,2,0,80,2,2,FALSE,27715.25
1419,2,1,2,0,80,2,3,FALSE,29122.75
1420,2,1,2,0,80,3,0,TRUE,91.25
1421,2,1,2,0,80,3,1,TRUE,82.41666667
1422,2,1,2,0,80,3,2,FALSE,447.9166667
1423,2,1,2,0,80,3,3,FALSE,451.4166667
1424,2,1,2,0,80,6,0,TRUE,325.75
1425,2,1,2,0,80,6,1,TRUE,331.5
1426,2,1,2,0,80,6,2,FALSE,1340.833333
1427,2,1,2,0,80,6,3,FALSE,1409.416667
1428,2,1,2,1,59,2,0,FALSE,42828.41667
1429,2,1,2,1,59,6,0,FALSE,4314.666667
1430,2,1,2,1,60,2,0,FALSE,30182.08333
1431,2,1,2,1,60,6,0,FALSE,3177.833333
1432,2,1,2,1,61,2,0,FALSE,33404.08333
1433,2,1,2,1,61,6,0,FALSE,3254.833333
1434,2,1,2,1,62,2,0,FALSE,32211.58333
1435,2,1,2,1,62,6,0,FALSE,3325.75
1436,2,1,2,1,63,2,0,FALSE,33379.66667
1437,2,1,2,1,63,6,0,FALSE,3197.833333
1438,2,1,2,1,64,2,0,FALSE,28715.41667
1439,2,1,2,1,64,6,0,FALSE,3165.666667
1440,2,1,2,1,65,2,0,FALSE,32717.75
1441,2,1,2,1,65,6,0,FALSE,3429.583333
1442,2,1,2,1,66,2,0,FALSE,32885.33333
1443,2,1,2,1,66,6,0,FALSE,3583.083333
1444,2,1,2,1,67,2,0,FALSE,37601.08333
1445,2,1,2,1,67,6,0,FALSE,3890.75
1446,2,1,2,1,68,2,0,FALSE,25074
1447,2,1,2,1,68,6,0,FALSE,2857.833333
1448,2,1,2,1,69,2,0,FALSE,28568.41667
1449,2,1,2,1,69,3,0,FALSE,1621.916667
1450,2,1,2,1,69,5,0,FALSE,8394.083333
1451,2,1,2,1,69,6,0,FALSE,2958.25
1452,2,1,2,1,70,2,0,FALSE,28439.83333
1453,2,1,2,1,70,3,0,FALSE,1565.916667
1454,2,1,2,1,70,5,0,FALSE,8681.333333
1455,2,1,2,1,70,6,0,FALSE,3067.083333
1456,2,1,2,1,71,2,0,FALSE,33140.58333
1457,2,1,2,1,71,3,0,FALSE,1531.083333
1458,2,1,2,1,71,5,0,FALSE,8412.416667
1459,2,1,2,1,71,6,0,FALSE,3482
1460,2,1,2,1,72,2,0,FALSE,30985.58333
1461,2,1,2,1,72,3,0,FALSE,1497.916667
1462,2,1,2,1,72,5,0,FALSE,8523.083333
1463,2,1,2,1,72,6,0,FALSE,3339.583333
1464,2,1,2,1,73,2,0,FALSE,35913.58333
1465,2,1,2,1,73,3,0,FALSE,1333.916667
1466,2,1,2,1,73,5,0,FALSE,8370.75
1467,2,1,2,1,73,6,0,FALSE,3627.166667
1468,2,1,2,1,74,2,0,FALSE,34507.41667
1469,2,1,2,1,74,3,0,FALSE,1544.666667
1470,2,1,2,1,74,5,0,FALSE,8782.083333
1471,2,1,2,1,74,6,0,FALSE,3690.333333
1472,2,1,2,1,75,2,0,FALSE,39183.25
1473,2,1,2,1,75,3,0,FALSE,1412.166667
1474,2,1,2,1,75,5,0,FALSE,8354.75
1475,2,1,2,1,75,6,0,FALSE,4084.583333
1476,2,1,2,1,76,2,0,FALSE,26510.58333
1477,2,1,2,1,76,3,0,FALSE,1571.5
1478,2,1,2,1,76,5,0,FALSE,8483.75
1479,2,1,2,1,76,6,0,FALSE,2987.5
1480,2,1,2,1,77,2,0,FALSE,31579.16667
1481,2,1,2,1,77,3,0,FALSE,1305.5
1482,2,1,2,1,77,5,0,FALSE,8498.583333
1483,2,1,2,1,77,6,0,FALSE,3395.5
1484,2,1,2,1,78,2,0,FALSE,30459.66667
1485,2,1,2,1,78,3,0,FALSE,1524.833333
1486,2,1,2,1,78,5,0,FALSE,8561.083333
1487,2,1,2,1,78,6,0,FALSE,3289
1488,2,1,2,1,79,2,0,FALSE,36146.66667
1489,2,1,2,1,79,3,0,FALSE,1464.5
1490,2,1,2,1,79,5,0,FALSE,8499.166667
1491,2,1,2,1,79,6,0,FALSE,3667.666667
1492,2,1,2,1,80,2,0,TRUE,7014.583333
1493,2,1,2,1,80,2,1,TRUE,7174.25
1494,2,1,2,1,80,2,2,FALSE,34963.33333
1495,2,1,2,1,80,2,3,FALSE,36701.41667
1496,2,1,2,1,80,2,4,FALSE,33539.25
1497,2,1,2,1,80,3,0,TRUE,113
1498,2,1,2,1,80,3,1,TRUE,117.5833333
1499,2,1,2,1,80,3,2,FALSE,1460.666667
1500,2,1,2,1,80,3,3,FALSE,1456.166667
1501,2,1,2,1,80,3,4,FALSE,1558.916667
1502,2,1,2,1,80,5,0,FALSE,8380.25
1503,2,1,2,1,80,6,0,TRUE,788.5
1504,2,1,2,1,80,6,1,TRUE,812.5833333
1505,2,1,2,1,80,6,2,FALSE,3810.083333
1506,2,1,2,1,80,6,3,FALSE,3711.583333
1507,2,1,2,1,80,6,4,FALSE,3471.083333
1508,2,1,2,1,81,5,0,FALSE,8214.25
1509,2,1,2,1,82,5,0,FALSE,8497.666667
1510,2,1,2,1,83,5,0,FALSE,8228.916667
1511,2,1,2,1,84,5,0,FALSE,8498.666667
1512,2,1,2,1,85,5,0,FALSE,8122.416667
1513,2,1,2,1,86,5,0,FALSE,8572.583333
1514,2,1,2,1,87,5,0,FALSE,8308
1515,2,1,2,1,88,5,0,FALSE,8415.583333
1516,2,1,2,1,89,5,0,FALSE,8359.083333
1517,2,1,2,1,90,5,0,TRUE,80
1518,2,1,2,1,90,5,1,TRUE,1391.75
1519,2,1,2,1,90,5,2,FALSE,10032.33333
1520,2,1,2,1,90,5,3,FALSE,9084.666667
1521,2,1,2,1,90,5,4,TRUE,79.58333333
1522,2,2,2,0,59,1,0,FALSE,14748.16667
1523,2,2,2,0,59,2,0,FALSE,33163.83333
1524,2,2,2,0,59,4,0,FALSE,922
1525,2,2,2,0,59,6,0,FALSE,1540.291667
1526,2,2,2,0,60,1,0,FALSE,10433.75
1527,2,2,2,0,60,2,0,FALSE,23042.41667
1528,2,2,2,0,60,4,0,FALSE,811.0833333
1529,2,2,2,0,60,6,0,FALSE,1051.916667
1530,2,2,2,0,61,1,0,FALSE,11982
1531,2,2,2,0,61,2,0,FALSE,26609.29167
1532,2,2,2,0,61,4,0,FALSE,875.6666667
1533,2,2,2,0,61,6,0,FALSE,1100.083333
1534,2,2,2,0,62,1,0,FALSE,11697.75
1535,2,2,2,0,62,2,0,FALSE,25565.75
1536,2,2,2,0,62,4,0,FALSE,836.9166667
1537,2,2,2,0,62,6,0,FALSE,1090.541667
1538,2,2,2,0,63,1,0,FALSE,12834.08333
1539,2,2,2,0,63,2,0,FALSE,27743
1540,2,2,2,0,63,4,0,FALSE,888.9166667
1541,2,2,2,0,63,6,0,FALSE,1104.958333
1542,2,2,2,0,64,1,0,FALSE,9322.083333
1543,2,2,2,0,64,2,0,FALSE,20705.66667
1544,2,2,2,0,64,4,0,FALSE,666
1545,2,2,2,0,64,6,0,FALSE,1060.75
1546,2,2,2,0,65,1,0,FALSE,11026.91667
1547,2,2,2,0,65,2,0,FALSE,24777.45833
1548,2,2,2,0,65,4,0,FALSE,757.4166667
1549,2,2,2,0,65,6,0,FALSE,1110.375
1550,2,2,2,0,66,1,0,FALSE,10886.5
1551,2,2,2,0,66,2,0,FALSE,23904.125
1552,2,2,2,0,66,4,0,FALSE,726.5833333
1553,2,2,2,0,66,6,0,FALSE,1149.833333
1554,2,2,2,0,67,1,0,FALSE,12782.75
1555,2,2,2,0,67,2,0,FALSE,28080
1556,2,2,2,0,67,4,0,FALSE,820.4166667
1557,2,2,2,0,67,6,0,FALSE,1332.708333
1558,2,2,2,0,68,1,0,FALSE,8944.5
1559,2,2,2,0,68,2,0,FALSE,18005.58333
1560,2,2,2,0,68,4,0,FALSE,681.25
1561,2,2,2,0,68,6,0,FALSE,938.875
1562,2,2,2,0,69,1,0,FALSE,10370.5
1563,2,2,2,0,69,2,0,FALSE,21278.33333
1564,2,2,2,0,69,3,0,FALSE,405.7083333
1565,2,2,2,0,69,4,0,FALSE,766.0833333
1566,2,2,2,0,69,6,0,FALSE,981.9166667
1567,2,2,2,0,70,1,0,FALSE,9982.583333
1568,2,2,2,0,70,2,0,FALSE,20737.04167
1569,2,2,2,0,70,3,0,FALSE,436.125
1570,2,2,2,0,70,4,0,TRUE,376.25
1571,2,2,2,0,70,4,1,FALSE,809.0833333
1572,2,2,2,0,70,4,2,TRUE,425.3333333
1573,2,2,2,0,70,4,3,FALSE,833.25
1574,2,2,2,0,70,6,0,FALSE,1035.458333
1575,2,2,2,0,71,1,0,FALSE,11735.5
1576,2,2,2,0,71,2,0,FALSE,24188.04167
1577,2,2,2,0,71,3,0,FALSE,415.2083333
1578,2,2,2,0,71,6,0,FALSE,1168.041667
1579,2,2,2,0,72,1,0,FALSE,10504.33333
1580,2,2,2,0,72,2,0,FALSE,22835.33333
1581,2,2,2,0,72,3,0,FALSE,419.375
1582,2,2,2,0,72,6,0,FALSE,1103.75
1583,2,2,2,0,73,1,0,FALSE,12757.41667
1584,2,2,2,0,73,2,0,FALSE,27327.04167
1585,2,2,2,0,73,3,0,FALSE,379.4166667
1586,2,2,2,0,73,6,0,FALSE,1257.125
1587,2,2,2,0,74,1,0,FALSE,12222.25
1588,2,2,2,0,74,2,0,FALSE,25621.875
1589,2,2,2,0,74,3,0,FALSE,427.875
1590,2,2,2,0,74,6,0,FALSE,1195.166667
1591,2,2,2,0,75,1,0,FALSE,14429.25
1592,2,2,2,0,75,2,0,FALSE,29918.33333
1593,2,2,2,0,75,3,0,FALSE,391.2916667
1594,2,2,2,0,75,6,0,FALSE,1431.375
1595,2,2,2,0,76,1,0,FALSE,9703.75
1596,2,2,2,0,76,2,0,FALSE,19022.83333
1597,2,2,2,0,76,3,0,FALSE,431.7083333
1598,2,2,2,0,76,6,0,FALSE,1012.791667
1599,2,2,2,0,77,1,0,FALSE,11617.25
1600,2,2,2,0,77,2,0,FALSE,23229
1601,2,2,2,0,77,3,0,FALSE,391.8333333
1602,2,2,2,0,77,6,0,FALSE,1109.5
1603,2,2,2,0,78,1,0,FALSE,11085.58333
1604,2,2,2,0,78,2,0,FALSE,22187.95833
1605,2,2,2,0,78,3,0,FALSE,424.875
1606,2,2,2,0,78,6,0,FALSE,1056.208333
1607,2,2,2,0,79,1,0,FALSE,13463.08333
1608,2,2,2,0,79,2,0,FALSE,26623.91667
1609,2,2,2,0,79,3,0,FALSE,396.75
1610,2,2,2,0,79,6,0,FALSE,1240.916667
1611,2,2,2,0,80,1,0,FALSE,10028
1612,2,2,2,0,80,2,0,TRUE,5081.083333
1613,2,2,2,0,80,2,1,TRUE,5542.708333
1614,2,2,2,0,80,2,2,FALSE,26016.58333
1615,2,2,2,0,80,2,3,FALSE,27359.41667
1616,2,2,2,0,80,3,0,TRUE,87.70833333
1617,2,2,2,0,80,3,1,TRUE,89.66666667
1618,2,2,2,0,80,3,2,FALSE,426.7916667
1619,2,2,2,0,80,3,3,FALSE,423.375
1620,2,2,2,0,80,6,0,TRUE,303.5416667
1621,2,2,2,0,80,6,1,TRUE,309.7916667
1622,2,2,2,0,80,6,2,FALSE,1233.708333
1623,2,2,2,0,80,6,3,FALSE,1262.25
1624,2,2,2,0,81,1,0,FALSE,12340.75
1625,2,2,2,0,82,1,0,FALSE,12061.58333
1626,2,2,2,0,83,1,0,FALSE,13873
1627,2,2,2,0,84,1,0,FALSE,9268.416667
1628,2,2,2,0,85,1,0,FALSE,11154
1629,2,2,2,0,86,1,0,FALSE,10856.75
1630,2,2,2,0,87,1,0,FALSE,12635.25
1631,2,2,2,0,88,1,0,FALSE,11153.58333
1632,2,2,2,0,89,1,0,FALSE,12801.33333
1633,2,2,2,0,90,1,0,TRUE,230.8333333
1634,2,2,2,0,90,1,1,TRUE,5558.583333
1635,2,2,2,0,90,1,2,TRUE,243.6666667
1636,2,2,2,0,90,1,3,FALSE,14637.83333
1637,2,2,2,1,59,1,0,FALSE,22291.5
1638,2,2,2,1,59,2,0,FALSE,44130.52083
1639,2,2,2,1,59,4,0,FALSE,1197.208333
1640,2,2,2,1,59,6,0,FALSE,3525.979167
1641,2,2,2,1,60,1,0,FALSE,17613.75
1642,2,2,2,1,60,2,0,FALSE,31169.3125
1643,2,2,2,1,60,4,0,FALSE,1132.583333
1644,2,2,2,1,60,6,0,FALSE,2588.604167
1645,2,2,2,1,61,1,0,FALSE,18322.20833
1646,2,2,2,1,61,2,0,FALSE,34348.79167
1647,2,2,2,1,61,4,0,FALSE,1173.083333
1648,2,2,2,1,61,6,0,FALSE,2594.5625
1649,2,2,2,1,62,1,0,FALSE,18136.95833
1650,2,2,2,1,62,2,0,FALSE,33680.85417
1651,2,2,2,1,62,4,0,FALSE,1216.375
1652,2,2,2,1,62,6,0,FALSE,2680.625
1653,2,2,2,1,63,1,0,FALSE,18951.66667
1654,2,2,2,1,63,2,0,FALSE,35216.10417
1655,2,2,2,1,63,4,0,FALSE,1187.916667
1656,2,2,2,1,63,6,0,FALSE,2597.1875
1657,2,2,2,1,64,1,0,FALSE,15883.33333
1658,2,2,2,1,64,2,0,FALSE,29650.39583
1659,2,2,2,1,64,4,0,FALSE,1022.708333
1660,2,2,2,1,64,6,0,FALSE,2532.5625
1661,2,2,2,1,65,1,0,FALSE,17781.95833
1662,2,2,2,1,65,2,0,FALSE,34141.375
1663,2,2,2,1,65,4,0,FALSE,1085.916667
1664,2,2,2,1,65,6,0,FALSE,2731.25
1665,2,2,2,1,66,1,0,FALSE,17875.79167
1666,2,2,2,1,66,2,0,FALSE,33591.52083
1667,2,2,2,1,66,4,0,FALSE,1085.416667
1668,2,2,2,1,66,6,0,FALSE,2796.0625
1669,2,2,2,1,67,1,0,FALSE,19775.45833
1670,2,2,2,1,67,2,0,FALSE,38630.14583
1671,2,2,2,1,67,4,0,FALSE,1133.166667
1672,2,2,2,1,67,6,0,FALSE,3128.375
1673,2,2,2,1,68,1,0,FALSE,15346.41667
1674,2,2,2,1,68,2,0,FALSE,25870.54167
1675,2,2,2,1,68,4,0,FALSE,1033.5
1676,2,2,2,1,68,6,0,FALSE,2300.708333
1677,2,2,2,1,69,1,0,FALSE,16949.70833
1678,2,2,2,1,69,2,0,FALSE,29665.39583
1679,2,2,2,1,69,3,0,FALSE,1764.416667
1680,2,2,2,1,69,4,0,FALSE,1096.958333
1681,2,2,2,1,69,5,0,FALSE,7337.4375
1682,2,2,2,1,69,6,0,FALSE,2414.1875
1683,2,2,2,1,70,1,0,FALSE,16981.875
1684,2,2,2,1,70,2,0,FALSE,29255.02083
1685,2,2,2,1,70,3,0,FALSE,1713.666667
1686,2,2,2,1,70,4,0,TRUE,485.3333333
1687,2,2,2,1,70,4,1,FALSE,1176.708333
1688,2,2,2,1,70,4,2,TRUE,534.2916667
1689,2,2,2,1,70,4,3,FALSE,1168.666667
1690,2,2,2,1,70,4,4,FALSE,1150.583333
1691,2,2,2,1,70,5,0,FALSE,7495.791667
1692,2,2,2,1,70,6,0,FALSE,2435.104167
1693,2,2,2,1,71,1,0,FALSE,18651.79167
1694,2,2,2,1,71,2,0,FALSE,33973.8125
1695,2,2,2,1,71,3,0,FALSE,1641.416667
1696,2,2,2,1,71,5,0,FALSE,7383.666667
1697,2,2,2,1,71,6,0,FALSE,2783.395833
1698,2,2,2,1,72,1,0,FALSE,17699.54167
1699,2,2,2,1,72,2,0,FALSE,31886.77083
1700,2,2,2,1,72,3,0,FALSE,1622.416667
1701,2,2,2,1,72,5,0,FALSE,7410.229167
1702,2,2,2,1,72,6,0,FALSE,2704.583333
1703,2,2,2,1,73,1,0,FALSE,19987.16667
1704,2,2,2,1,73,2,0,FALSE,37423.29167
1705,2,2,2,1,73,3,0,FALSE,1421.5
1706,2,2,2,1,73,5,0,FALSE,7266.520833
1707,2,2,2,1,73,6,0,FALSE,3036.729167
1708,2,2,2,1,74,1,0,FALSE,19541.83333
1709,2,2,2,1,74,2,0,FALSE,35631.75
1710,2,2,2,1,74,3,0,FALSE,1626.145833
1711,2,2,2,1,74,5,0,FALSE,7416.75
1712,2,2,2,1,74,6,0,FALSE,2920.229167
1713,2,2,2,1,75,1,0,FALSE,21973.08333
1714,2,2,2,1,75,2,0,FALSE,40673.10417
1715,2,2,2,1,75,3,0,FALSE,1561.416667
1716,2,2,2,1,75,5,0,FALSE,7293.270833
1717,2,2,2,1,75,6,0,FALSE,3277.354167
1718,2,2,2,1,76,1,0,FALSE,16215.625
1719,2,2,2,1,76,2,0,FALSE,27507.52083
1720,2,2,2,1,76,3,0,FALSE,1708.25
1721,2,2,2,1,76,5,0,FALSE,7321
1722,2,2,2,1,76,6,0,FALSE,2416.270833
1723,2,2,2,1,77,1,0,FALSE,18192.25
1724,2,2,2,1,77,2,0,FALSE,32427.91667
1725,2,2,2,1,77,3,0,FALSE,1510.041667
1726,2,2,2,1,77,5,0,FALSE,7256.791667
1727,2,2,2,1,77,6,0,FALSE,2638.916667
1728,2,2,2,1,78,1,0,FALSE,18093.91667
1729,2,2,2,1,78,2,0,FALSE,31308.3125
1730,2,2,2,1,78,3,0,FALSE,1745.916667
1731,2,2,2,1,78,5,0,FALSE,7469.583333
1732,2,2,2,1,78,6,0,FALSE,2579.6875
1733,2,2,2,1,79,1,0,FALSE,20010.83333
1734,2,2,2,1,79,2,0,FALSE,36975.97917
1735,2,2,2,1,79,3,0,FALSE,1651.375
1736,2,2,2,1,79,5,0,FALSE,7374.6875
1737,2,2,2,1,79,6,0,FALSE,2968.833333
1738,2,2,2,1,80,1,0,FALSE,17135.54167
1739,2,2,2,1,80,2,0,TRUE,7150.854167
1740,2,2,2,1,80,2,1,TRUE,7453.5625
1741,2,2,2,1,80,2,2,FALSE,36147.14583
1742,2,2,2,1,80,2,3,FALSE,37931.75
1743,2,2,2,1,80,2,4,FALSE,34097.29167
1744,2,2,2,1,80,3,0,TRUE,131.8541667
1745,2,2,2,1,80,3,1,TRUE,127.0625
1746,2,2,2,1,80,3,2,FALSE,1650.333333
1747,2,2,2,1,80,3,3,FALSE,1520.166667
1748,2,2,2,1,80,3,4,FALSE,1726.708333
1749,2,2,2,1,80,5,0,FALSE,7354.375
1750,2,2,2,1,80,6,0,TRUE,653.2291667
1751,2,2,2,1,80,6,1,TRUE,683.6041667
1752,2,2,2,1,80,6,2,FALSE,2982.25
1753,2,2,2,1,80,6,3,FALSE,3077.645833
1754,2,2,2,1,80,6,4,FALSE,2810.6875
1755,2,2,2,1,81,1,0,FALSE,19010.79167
1756,2,2,2,1,81,5,0,FALSE,7129.708333
1757,2,2,2,1,82,1,0,FALSE,19555.54167
1758,2,2,2,1,82,5,0,FALSE,7332.958333
1759,2,2,2,1,83,1,0,FALSE,21271.16667
1760,2,2,2,1,83,5,0,FALSE,7117.4375
1761,2,2,2,1,84,1,0,FALSE,15953.16667
1762,2,2,2,1,84,5,0,FALSE,7283.270833
1763,2,2,2,1,85,1,0,FALSE,17470.54167
1764,2,2,2,1,85,5,0,FALSE,7043.9375
1765,2,2,2,1,86,1,0,FALSE,17668.41667
1766,2,2,2,1,86,5,0,FALSE,7397.625
1767,2,2,2,1,87,1,0,FALSE,19462.20833
1768,2,2,2,1,87,5,0,FALSE,7221.854167
1769,2,2,2,1,88,1,0,FALSE,18201.54167
1770,2,2,2,1,88,5,0,FALSE,7256
1771,2,2,2,1,89,1,0,FALSE,19728.16667
1772,2,2,2,1,89,5,0,FALSE,7156.583333
1773,2,2,2,1,90,1,0,TRUE,312.1666667
1774,2,2,2,1,90,1,1,TRUE,8841.125
1775,2,2,2,1,90,1,2,TRUE,333.5
1776,2,2,2,1,90,1,3,FALSE,23464.66667
1777,2,2,2,1,90,1,4,FALSE,20901
1778,2,2,2,1,90,5,0,TRUE,82.02083333
1779,2,2,2,1,90,5,1,TRUE,1217.520833
1780,2,2,2,1,90,5,2,FALSE,8721.145833
1781,2,2,2,1,90,5,3,FALSE,7825.625
1782,2,2,2,1,90,5,4,TRUE,78.79166667
1783,2,3,2,0,59,1,0,FALSE,16739.04167
1784,2,3,2,0,59,2,0,FALSE,39670.04167
1785,2,3,2,0,59,4,0,FALSE,842.9583333
1786,2,3,2,0,59,6,0,FALSE,1327.208333
1787,2,3,2,0,60,1,0,FALSE,11861
1788,2,3,2,0,60,2,0,FALSE,27674.08333
1789,2,3,2,0,60,4,0,FALSE,773.25
1790,2,3,2,0,60,6,0,FALSE,903.7083333
1791,2,3,2,0,61,1,0,FALSE,13457.70833
1792,2,3,2,0,61,2,0,FALSE,31959.45833
1793,2,3,2,0,61,4,0,FALSE,803.0833333
1794,2,3,2,0,61,6,0,FALSE,943.5833333
1795,2,3,2,0,62,1,0,FALSE,13017.08333
1796,2,3,2,0,62,2,0,FALSE,30492.95833
1797,2,3,2,0,62,4,0,FALSE,780.4166667
1798,2,3,2,0,62,6,0,FALSE,930.5
1799,2,3,2,0,63,1,0,FALSE,14320.58333
1800,2,3,2,0,63,2,0,FALSE,32823
1801,2,3,2,0,63,4,0,FALSE,829.9583333
1802,2,3,2,0,63,6,0,FALSE,972.75
1803,2,3,2,0,64,1,0,FALSE,10384.08333
1804,2,3,2,0,64,2,0,FALSE,24532.54167
1805,2,3,2,0,64,4,0,FALSE,635.2916667
1806,2,3,2,0,64,6,0,FALSE,908.9583333
1807,2,3,2,0,65,1,0,FALSE,12516.625
1808,2,3,2,0,65,2,0,FALSE,29321.5
1809,2,3,2,0,65,4,0,FALSE,690.7083333
1810,2,3,2,0,65,6,0,FALSE,965.8333333
1811,2,3,2,0,66,1,0,FALSE,12204.79167
1812,2,3,2,0,66,2,0,FALSE,28473.41667
1813,2,3,2,0,66,4,0,FALSE,692.3333333
1814,2,3,2,0,66,6,0,FALSE,999.7916667
1815,2,3,2,0,67,1,0,FALSE,14441.75
1816,2,3,2,0,67,2,0,FALSE,33097.20833
1817,2,3,2,0,67,4,0,FALSE,743.0416667
1818,2,3,2,0,67,6,0,FALSE,1141.083333
1819,2,3,2,0,68,1,0,FALSE,10022.33333
1820,2,3,2,0,68,2,0,FALSE,21373.375
1821,2,3,2,0,68,4,0,FALSE,640.0416667
1822,2,3,2,0,68,6,0,FALSE,835.2083333
1823,2,3,2,0,69,1,0,FALSE,11647.5
1824,2,3,2,0,69,2,0,FALSE,25577.66667
1825,2,3,2,0,69,3,0,FALSE,457.625
1826,2,3,2,0,69,4,0,FALSE,717.5
1827,2,3,2,0,69,6,0,FALSE,864.1666667
1828,2,3,2,0,70,1,0,FALSE,11435.29167
1829,2,3,2,0,70,2,0,FALSE,24643.91667
1830,2,3,2,0,70,3,0,FALSE,447.2083333
1831,2,3,2,0,70,4,0,TRUE,357.7083333
1832,2,3,2,0,70,4,1,FALSE,785.0833333
1833,2,3,2,0,70,4,2,TRUE,394
1834,2,3,2,0,70,4,3,FALSE,775.625
1835,2,3,2,0,70,6,0,FALSE,893.6666667
1836,2,3,2,0,71,1,0,FALSE,13227.20833
1837,2,3,2,0,71,2,0,FALSE,29357.125
1838,2,3,2,0,71,3,0,FALSE,420
1839,2,3,2,0,71,6,0,FALSE,1013.666667
1840,2,3,2,0,72,1,0,FALSE,11892.41667
1841,2,3,2,0,72,2,0,FALSE,27071.33333
1842,2,3,2,0,72,3,0,FALSE,430.0416667
1843,2,3,2,0,72,6,0,FALSE,968.0416667
1844,2,3,2,0,73,1,0,FALSE,14420
1845,2,3,2,0,73,2,0,FALSE,32429.625
1846,2,3,2,0,73,3,0,FALSE,410.2083333
1847,2,3,2,0,73,6,0,FALSE,1094.125
1848,2,3,2,0,74,1,0,FALSE,13831.83333
1849,2,3,2,0,74,2,0,FALSE,30254
1850,2,3,2,0,74,3,0,FALSE,446.5833333
1851,2,3,2,0,74,6,0,FALSE,1022.75
1852,2,3,2,0,75,1,0,FALSE,16537.95833
1853,2,3,2,0,75,2,0,FALSE,35396.95833
1854,2,3,2,0,75,3,0,FALSE,412.9166667
1855,2,3,2,0,75,6,0,FALSE,1230.041667
1856,2,3,2,0,76,1,0,FALSE,10863.75
1857,2,3,2,0,76,2,0,FALSE,22905.79167
1858,2,3,2,0,76,3,0,FALSE,434.5833333
1859,2,3,2,0,76,6,0,FALSE,873.875
1860,2,3,2,0,77,1,0,FALSE,13256.29167
1861,2,3,2,0,77,2,0,FALSE,27642.20833
1862,2,3,2,0,77,3,0,FALSE,409.8333333
1863,2,3,2,0,77,6,0,FALSE,957.4166667
1864,2,3,2,0,78,1,0,FALSE,12714.45833
1865,2,3,2,0,78,2,0,FALSE,26386
1866,2,3,2,0,78,3,0,FALSE,452.5416667
1867,2,3,2,0,78,6,0,FALSE,955.0416667
1868,2,3,2,0,79,1,0,FALSE,14992.70833
1869,2,3,2,0,79,2,0,FALSE,31569.70833
1870,2,3,2,0,79,3,0,FALSE,425.375
1871,2,3,2,0,79,6,0,FALSE,1097.958333
1872,2,3,2,0,80,1,0,FALSE,11213.20833
1873,2,3,2,0,80,2,0,TRUE,6111.833333
1874,2,3,2,0,80,2,1,TRUE,6569.083333
1875,2,3,2,0,80,2,2,FALSE,30916.54167
1876,2,3,2,0,80,2,3,FALSE,32575.20833
1877,2,3,2,0,80,3,0,TRUE,91.54166667
1878,2,3,2,0,80,3,1,TRUE,84.83333333
1879,2,3,2,0,80,3,2,FALSE,442.75
1880,2,3,2,0,80,3,3,FALSE,447.4166667
1881,2,3,2,0,80,6,0,TRUE,272.4583333
1882,2,3,2,0,80,6,1,TRUE,271.6666667
1883,2,3,2,0,80,6,2,FALSE,1069.958333
1884,2,3,2,0,80,6,3,FALSE,1118.791667
1885,2,3,2,0,81,1,0,FALSE,13723.625
1886,2,3,2,0,82,1,0,FALSE,13424.25
1887,2,3,2,0,83,1,0,FALSE,15716.83333
1888,2,3,2,0,84,1,0,FALSE,10541.54167
1889,2,3,2,0,85,1,0,FALSE,12536.20833
1890,2,3,2,0,86,1,0,FALSE,12223.16667
1891,2,3,2,0,87,1,0,FALSE,14295.25
1892,2,3,2,0,88,1,0,FALSE,12440.375
1893,2,3,2,0,89,1,0,FALSE,14557.25
1894,2,3,2,0,90,1,0,TRUE,249.6666667
1895,2,3,2,0,90,1,1,TRUE,6126.125
1896,2,3,2,0,90,1,2,TRUE,272.2916667
1897,2,3,2,0,90,1,3,FALSE,16347.20833
1898,2,3,2,1,59,1,0,FALSE,19136.63333
1899,2,3,2,1,59,2,0,FALSE,41602.16667
1900,2,3,2,1,59,4,0,FALSE,1290.483333
1901,2,3,2,1,59,6,0,FALSE,4739.6
1902,2,3,2,1,60,1,0,FALSE,15103.55833
1903,2,3,2,1,60,2,0,FALSE,29371.26667
1904,2,3,2,1,60,4,0,FALSE,1222.025
1905,2,3,2,1,60,6,0,FALSE,3536.183333
1906,2,3,2,1,61,1,0,FALSE,15871.1
1907,2,3,2,1,61,2,0,FALSE,32508.36667
1908,2,3,2,1,61,4,0,FALSE,1259.891667
1909,2,3,2,1,61,6,0,FALSE,3492.425
1910,2,3,2,1,62,1,0,FALSE,15812.31667
1911,2,3,2,1,62,2,0,FALSE,32002.175
1912,2,3,2,1,62,4,0,FALSE,1244.691667
1913,2,3,2,1,62,6,0,FALSE,3671.958333
1914,2,3,2,1,63,1,0,FALSE,16262.96667
1915,2,3,2,1,63,2,0,FALSE,33387.80833
1916,2,3,2,1,63,4,0,FALSE,1237.491667
1917,2,3,2,1,63,6,0,FALSE,3537.383333
1918,2,3,2,1,64,1,0,FALSE,13685.86667
1919,2,3,2,1,64,2,0,FALSE,27994.025
1920,2,3,2,1,64,4,0,FALSE,1070.533333
1921,2,3,2,1,64,6,0,FALSE,3491.35
1922,2,3,2,1,65,1,0,FALSE,15329.48333
1923,2,3,2,1,65,2,0,FALSE,32508.41667
1924,2,3,2,1,65,4,0,FALSE,1133.9
1925,2,3,2,1,65,6,0,FALSE,3687.508333
1926,2,3,2,1,66,1,0,FALSE,15472.74167
1927,2,3,2,1,66,2,0,FALSE,31910.64167
1928,2,3,2,1,66,4,0,FALSE,1118.9
1929,2,3,2,1,66,6,0,FALSE,3769.2
1930,2,3,2,1,67,1,0,FALSE,17152.61667
1931,2,3,2,1,67,2,0,FALSE,36755.1
1932,2,3,2,1,67,4,0,FALSE,1193.683333
1933,2,3,2,1,67,6,0,FALSE,4251.225
1934,2,3,2,1,68,1,0,FALSE,13173.78333
1935,2,3,2,1,68,2,0,FALSE,24726.775
1936,2,3,2,1,68,4,0,FALSE,1087.6
1937,2,3,2,1,68,6,0,FALSE,3200.975
1938,2,3,2,1,69,1,0,FALSE,14430.04167
1939,2,3,2,1,69,2,0,FALSE,28220.525
1940,2,3,2,1,69,3,0,FALSE,1715.25
1941,2,3,2,1,69,4,0,FALSE,1159.316667
1942,2,3,2,1,69,5,0,FALSE,7877.808333
1943,2,3,2,1,69,6,0,FALSE,3274.65
1944,2,3,2,1,70,1,0,FALSE,14385.09167
1945,2,3,2,1,70,2,0,FALSE,27941.7
1946,2,3,2,1,70,3,0,FALSE,1696.575
1947,2,3,2,1,70,4,0,TRUE,527.1666667
1948,2,3,2,1,70,4,1,FALSE,1237.525
1949,2,3,2,1,70,4,2,TRUE,583.25
1950,2,3,2,1,70,4,3,FALSE,1266.425
1951,2,3,2,1,70,4,4,FALSE,1243.833333
1952,2,3,2,1,70,5,0,FALSE,8058.691667
1953,2,3,2,1,70,6,0,FALSE,3312.725
1954,2,3,2,1,71,1,0,FALSE,15919.775
1955,2,3,2,1,71,2,0,FALSE,32261.175
1956,2,3,2,1,71,3,0,FALSE,1663.95
1957,2,3,2,1,71,5,0,FALSE,7922.225
1958,2,3,2,1,71,6,0,FALSE,3734.4
1959,2,3,2,1,72,1,0,FALSE,15199.91667
1960,2,3,2,1,72,2,0,FALSE,30267.55
1961,2,3,2,1,72,3,0,FALSE,1622.391667
1962,2,3,2,1,72,5,0,FALSE,7953.233333
1963,2,3,2,1,72,6,0,FALSE,3604.441667
1964,2,3,2,1,73,1,0,FALSE,17220.925
1965,2,3,2,1,73,2,0,FALSE,35555.80833
1966,2,3,2,1,73,3,0,FALSE,1445.508333
1967,2,3,2,1,73,5,0,FALSE,7801.858333
1968,2,3,2,1,73,6,0,FALSE,4094
1969,2,3,2,1,74,1,0,FALSE,16957.41667
1970,2,3,2,1,74,2,0,FALSE,33842.83333
1971,2,3,2,1,74,3,0,FALSE,1632.35
1972,2,3,2,1,74,5,0,FALSE,8071.125
1973,2,3,2,1,74,6,0,FALSE,4024.116667
1974,2,3,2,1,75,1,0,FALSE,18952.53333
1975,2,3,2,1,75,2,0,FALSE,38762.84167
1976,2,3,2,1,75,3,0,FALSE,1540.6
1977,2,3,2,1,75,5,0,FALSE,7875.508333
1978,2,3,2,1,75,6,0,FALSE,4453.783333
1979,2,3,2,1,76,1,0,FALSE,14045.36667
1980,2,3,2,1,76,2,0,FALSE,26250.525
1981,2,3,2,1,76,3,0,FALSE,1667.4
1982,2,3,2,1,76,5,0,FALSE,7937.208333
1983,2,3,2,1,76,6,0,FALSE,3242.741667
1984,2,3,2,1,77,1,0,FALSE,15737.09167
1985,2,3,2,1,77,2,0,FALSE,30761.56667
1986,2,3,2,1,77,3,0,FALSE,1461.9
1987,2,3,2,1,77,5,0,FALSE,7835.65
1988,2,3,2,1,77,6,0,FALSE,3556.116667
1989,2,3,2,1,78,1,0,FALSE,15636.925
1990,2,3,2,1,78,2,0,FALSE,29784.76667
1991,2,3,2,1,78,3,0,FALSE,1702.175
1992,2,3,2,1,78,5,0,FALSE,8030.866667
1993,2,3,2,1,78,6,0,FALSE,3555.666667
1994,2,3,2,1,79,1,0,FALSE,17386.63333
1995,2,3,2,1,79,2,0,FALSE,34993.51667
1996,2,3,2,1,79,3,0,FALSE,1619.991667
1997,2,3,2,1,79,5,0,FALSE,7956.016667
1998,2,3,2,1,79,6,0,FALSE,4051.891667
1999,2,3,2,1,80,1,0,FALSE,14721.075
2000,2,3,2,1,80,2,0,TRUE,6826.716667
2001,2,3,2,1,80,2,1,TRUE,7162.425
2002,2,3,2,1,80,2,2,FALSE,34314.56667
2003,2,3,2,1,80,2,3,FALSE,36101.85
2004,2,3,2,1,80,2,4,FALSE,32349.94167
2005,2,3,2,1,80,3,0,TRUE,125.5166667
2006,2,3,2,1,80,3,1,TRUE,123.25
2007,2,3,2,1,80,3,2,FALSE,1601.308333
2008,2,3,2,1,80,3,3,FALSE,1525.908333
2009,2,3,2,1,80,3,4,FALSE,1725.808333
2010,2,3,2,1,80,5,0,FALSE,7918.483333
2011,2,3,2,1,80,6,0,TRUE,879.675
2012,2,3,2,1,80,6,1,TRUE,914.875
2013,2,3,2,1,80,6,2,FALSE,3993.55
2014,2,3,2,1,80,6,3,FALSE,4093.283333
2015,2,3,2,1,80,6,4,FALSE,3755.758333
2016,2,3,2,1,81,1,0,FALSE,16501.11667
2017,2,3,2,1,81,5,0,FALSE,7633.041667
2018,2,3,2,1,82,1,0,FALSE,16757.59167
2019,2,3,2,1,82,5,0,FALSE,7966.075
2020,2,3,2,1,83,1,0,FALSE,18241.95
2021,2,3,2,1,83,5,0,FALSE,7776.916667
2022,2,3,2,1,84,1,0,FALSE,13713.03333
2023,2,3,2,1,84,5,0,FALSE,7921.883333
2024,2,3,2,1,85,1,0,FALSE,15027.56667
2025,2,3,2,1,85,5,0,FALSE,7660.591667
2026,2,3,2,1,86,1,0,FALSE,15241.53333
2027,2,3,2,1,86,5,0,FALSE,7981.433333
2028,2,3,2,1,87,1,0,FALSE,16924.25833
2029,2,3,2,1,87,5,0,FALSE,7745.391667
2030,2,3,2,1,88,1,0,FALSE,15732.175
2031,2,3,2,1,88,5,0,FALSE,7837.233333
2032,2,3,2,1,89,1,0,FALSE,16876.15833
2033,2,3,2,1,89,5,0,FALSE,7748.016667
2034,2,3,2,1,90,1,0,TRUE,279.65
2035,2,3,2,1,90,1,1,TRUE,7642.65
2036,2,3,2,1,90,1,2,TRUE,290.65
2037,2,3,2,1,90,1,3,FALSE,20243.15
2038,2,3,2,1,90,1,4,FALSE,17944.71667
2039,2,3,2,1,90,5,0,TRUE,82.425
2040,2,3,2,1,90,5,1,TRUE,1316.983333
2041,2,3,2,1,90,5,2,FALSE,9365.45
2042,2,3,2,1,90,5,3,FALSE,8474.025
2043,2,3,2,1,90,5,4,TRUE,82.00833333
